episode,step,test,speed,lidar_min,lidar_mean,lidar_max,previous_actions,raw_action,applied_noise,final_action,reward,terminated,truncated
0,0,True,0.0,0.0,1.6315789222717285,9.0,"[[0.0, 0.0, 0.0], [0.0, 0.0, 0.0]]","[0.6048241853713989, -0.028491323813796043, -0.26332083344459534]","[0.0, 0.0, 0.0]","[0.6048241853713989, -0.028491323813796043, -0.26332083344459534]",0.0,False,False
0,1,True,0.0,0.0,1.6315789222717285,9.0,"[[0.0, 0.0, 0.0], [0.6048241853713989, -0.028491323813796043, -0.26332083344459534]]","[0.9408342242240906, 0.06769848614931107, -0.2848198413848877]","[0.0, 0.0, 0.0]","[0.9408342242240906, 0.06769848614931107, -0.2848198413848877]",0.0,False,False
0,2,True,0.005436403211206198,0.0,1.6315789222717285,9.0,"[[0.6048241853713989, -0.028491323813796043, -0.26332083344459534], [0.9408342242240906, 0.06769848614931107, -0.2848198413848877]]","[0.999342679977417, 0.08860032260417938, -0.2822760045528412]","[0.0, 0.0, 0.0]","[0.999342679977417, 0.08860032260417938, -0.2822760045528412]",0.0,False,False
0,3,True,0.008273589424788952,0.0,1.6315789222717285,9.0,"[[0.9408342242240906, 0.06769848614931107, -0.2848198413848877], [0.999342679977417, 0.08860032260417938, -0.2822760045528412]]","[0.9998860359191895, 0.048915617167949677, -0.2604762613773346]","[0.0, 0.0, 0.0]","[0.9998860359191895, 0.048915617167949677, -0.2604762613773346]",0.0,False,False
0,4,True,0.7654858827590942,0.0,1.75,9.0,"[[0.999342679977417, 0.08860032260417938, -0.2822760045528412], [0.9998860359191895, 0.048915617167949677, -0.2604762613773346]]","[0.5131519436836243, 0.018639447167515755, 0.1781548261642456]","[0.0, 0.0, 0.0]","[0.5131519436836243, 0.018639447167515755, 0.1781548261642456]",0.0,False,False
0,5,True,1.559372067451477,0.0,2.1578948497772217,24.0,"[[0.9998860359191895, 0.048915617167949677, -0.2604762613773346], [0.5131519436836243, 0.018639447167515755, 0.1781548261642456]]","[0.8420412540435791, -0.12588313221931458, 0.05237691104412079]","[0.0, 0.0, 0.0]","[0.8420412540435791, -0.12588313221931458, 0.05237691104412079]",0.0,False,False
0,6,True,2.016653060913086,0.0,2.3552632331848145,24.0,"[[0.5131519436836243, 0.018639447167515755, 0.1781548261642456], [0.8420412540435791, -0.12588313221931458, 0.05237691104412079]]","[0.9735159277915955, -0.004636074882000685, -0.4539332389831543]","[0.0, 0.0, 0.0]","[0.9735159277915955, -0.004636074882000685, -0.4539332389831543]",0.0,False,False
0,7,True,1.944390892982483,0.0,2.736842155456543,24.0,"[[0.8420412540435791, -0.12588313221931458, 0.05237691104412079], [0.9735159277915955, -0.004636074882000685, -0.4539332389831543]]","[0.9231224060058594, -0.01867159642279148, -0.04925353452563286]","[0.0, 0.0, 0.0]","[0.9231224060058594, -0.01867159642279148, -0.04925353452563286]",0.0,False,False
0,8,True,2.711672782897949,0.0,2.9342105388641357,24.0,"[[0.9735159277915955, -0.004636074882000685, -0.4539332389831543], [0.9231224060058594, -0.01867159642279148, -0.04925353452563286]]","[0.809181272983551, 0.0600215420126915, 0.028190219774842262]","[0.0, 0.0, 0.0]","[0.809181272983551, 0.0600215420126915, 0.028190219774842262]",0.0,False,False
0,9,True,3.4755637645721436,0.0,2.9473683834075928,24.0,"[[0.9231224060058594, -0.01867159642279148, -0.04925353452563286], [0.809181272983551, 0.0600215420126915, 0.028190219774842262]]","[0.9839480519294739, -0.2694535255432129, -0.05254577472805977]","[0.0, 0.0, 0.0]","[0.9839480519294739, -0.2694535255432129, -0.05254577472805977]",0.019999999552965164,False,False
0,10,True,4.4184346199035645,0.0,3.236842155456543,24.0,"[[0.809181272983551, 0.0600215420126915, 0.028190219774842262], [0.9839480519294739, -0.2694535255432129, -0.05254577472805977]]","[0.9778918623924255, 0.08464530855417252, -0.0003629848069977015]","[0.0, 0.0, 0.0]","[0.9778918623924255, 0.08464530855417252, -0.0003629848069977015]",0.019999999552965164,False,False
0,11,True,5.049321174621582,0.0,2.9342105388641357,24.0,"[[0.9839480519294739, -0.2694535255432129, -0.05254577472805977], [0.9778918623924255, 0.08464530855417252, -0.0003629848069977015]]","[0.9660447835922241, 0.2070981115102768, 0.1586567759513855]","[0.0, 0.0, 0.0]","[0.9660447835922241, 0.2070981115102768, 0.1586567759513855]",0.03999999910593033,False,False
0,12,True,5.997160911560059,0.0,3.263157844543457,24.0,"[[0.9778918623924255, 0.08464530855417252, -0.0003629848069977015], [0.9660447835922241, 0.2070981115102768, 0.1586567759513855]]","[0.9931489825248718, -0.04526387155056, 0.06611817330121994]","[0.0, 0.0, 0.0]","[0.9931489825248718, -0.04526387155056, 0.06611817330121994]",0.019999999552965164,False,False
0,13,True,6.6298017501831055,0.0,3.4342105388641357,24.0,"[[0.9660447835922241, 0.2070981115102768, 0.1586567759513855], [0.9931489825248718, -0.04526387155056, 0.06611817330121994]]","[0.9856734871864319, -0.12976223230361938, -0.0838368684053421]","[0.0, 0.0, 0.0]","[0.9856734871864319, -0.12976223230361938, -0.0838368684053421]",0.03999999910593033,False,False
0,14,True,7.579089164733887,0.0,3.6578948497772217,24.0,"[[0.9931489825248718, -0.04526387155056, 0.06611817330121994], [0.9856734871864319, -0.12976223230361938, -0.0838368684053421]]","[0.9896970391273499, 0.05376438796520233, -0.15701182186603546]","[0.0, 0.0, 0.0]","[0.9896970391273499, 0.05376438796520233, -0.15701182186603546]",0.029999999329447746,False,False
0,15,True,8.21214771270752,0.0,4.6184210777282715,25.0,"[[0.9856734871864319, -0.12976223230361938, -0.0838368684053421], [0.9896970391273499, 0.05376438796520233, -0.15701182186603546]]","[0.9926159381866455, 0.04012083262205124, -0.07845967262983322]","[0.0, 0.0, 0.0]","[0.9926159381866455, 0.04012083262205124, -0.07845967262983322]",0.05999999865889549,False,False
0,16,True,9.1607084274292,0.0,4.473684310913086,25.0,"[[0.9896970391273499, 0.05376438796520233, -0.15701182186603546], [0.9926159381866455, 0.04012083262205124, -0.07845967262983322]]","[0.9999393820762634, -0.3038715720176697, -0.1465364247560501]","[0.0, 0.0, 0.0]","[0.9999393820762634, -0.3038715720176697, -0.1465364247560501]",0.029999999329447746,False,False
0,17,True,9.792140007019043,0.0,4.539473533630371,26.0,"[[0.9926159381866455, 0.04012083262205124, -0.07845967262983322], [0.9999393820762634, -0.3038715720176697, -0.1465364247560501]]","[0.9999825954437256, 0.08403234928846359, -0.17440077662467957]","[0.0, 0.0, 0.0]","[0.9999825954437256, 0.08403234928846359, -0.17440077662467957]",0.05000000074505806,False,False
0,18,True,10.581010818481445,0.0,4.013157844543457,26.0,"[[0.9999393820762634, -0.3038715720176697, -0.1465364247560501], [0.9999825954437256, 0.08403234928846359, -0.17440077662467957]]","[0.9961839914321899, -0.12566125392913818, -0.23591645061969757]","[0.0, 0.0, 0.0]","[0.9961839914321899, -0.12566125392913818, -0.23591645061969757]",0.05000000074505806,False,False
0,19,True,11.211727142333984,0.0,3.4210526943206787,26.0,"[[0.9999825954437256, 0.08403234928846359, -0.17440077662467957], [0.9961839914321899, -0.12566125392913818, -0.23591645061969757]]","[0.9999754428863525, 0.15042133629322052, -0.05502365902066231]","[0.0, 0.0, 0.0]","[0.9999754428863525, 0.15042133629322052, -0.05502365902066231]",0.07000000029802322,False,False
0,20,True,12.157625198364258,0.0,3.263157844543457,26.0,"[[0.9961839914321899, -0.12566125392913818, -0.23591645061969757], [0.9999754428863525, 0.15042133629322052, -0.05502365902066231]]","[0.9996423721313477, -0.0908048003911972, -0.039497144520282745]","[0.0, 0.0, 0.0]","[0.9996423721313477, -0.0908048003911972, -0.039497144520282745]",0.07000000029802322,False,False
0,21,True,13.102900505065918,0.0,3.03947377204895,22.0,"[[0.9999754428863525, 0.15042133629322052, -0.05502365902066231], [0.9996423721313477, -0.0908048003911972, -0.039497144520282745]]","[0.9165323972702026, 0.14454412460327148, -0.2203647941350937]","[0.0, 0.0, 0.0]","[0.9165323972702026, 0.14454412460327148, -0.2203647941350937]",0.03999999910593033,False,False
0,22,True,13.576935768127441,0.0,3.6315789222717285,25.0,"[[0.9996423721313477, -0.0908048003911972, -0.039497144520282745], [0.9165323972702026, 0.14454412460327148, -0.2203647941350937]]","[0.9941461086273193, -0.04421590641140938, -0.036990221589803696]","[0.0, 0.0, 0.0]","[0.9941461086273193, -0.04421590641140938, -0.036990221589803696]",0.09000000357627869,False,False
0,23,True,14.525313377380371,0.0,3.3815789222717285,25.0,"[[0.9165323972702026, 0.14454412460327148, -0.2203647941350937], [0.9941461086273193, -0.04421590641140938, -0.036990221589803696]]","[0.9994498491287231, -0.21751415729522705, -0.022142687812447548]","[0.0, 0.0, 0.0]","[0.9994498491287231, -0.21751415729522705, -0.022142687812447548]",0.07000000029802322,False,False
0,24,True,15.315417289733887,0.0,3.513157844543457,25.0,"[[0.9941461086273193, -0.04421590641140938, -0.036990221589803696], [0.9994498491287231, -0.21751415729522705, -0.022142687812447548]]","[0.9988218545913696, 0.06917544454336166, -0.18299876153469086]","[0.0, 0.0, 0.0]","[0.9988218545913696, 0.06917544454336166, -0.18299876153469086]",0.09000000357627869,False,False
0,25,True,16.26468276977539,0.0,3.276315927505493,25.0,"[[0.9994498491287231, -0.21751415729522705, -0.022142687812447548], [0.9988218545913696, 0.06917544454336166, -0.18299876153469086]]","[0.9999024868011475, 0.11247320473194122, 0.04227827116847038]","[0.0, 0.0, 0.0]","[0.9999024868011475, 0.11247320473194122, 0.04227827116847038]",0.07000000029802322,False,False
0,26,True,16.897111892700195,0.0,2.96052622795105,21.0,"[[0.9988218545913696, 0.06917544454336166, -0.18299876153469086], [0.9999024868011475, 0.11247320473194122, 0.04227827116847038]]","[0.9058142900466919, -0.12305716425180435, -0.2800981402397156]","[0.0, 0.0, 0.0]","[0.9058142900466919, -0.12305716425180435, -0.2800981402397156]",0.10000000149011612,False,False
0,27,True,17.845064163208008,0.0,3.236842155456543,21.0,"[[0.9999024868011475, 0.11247320473194122, 0.04227827116847038], [0.9058142900466919, -0.12305716425180435, -0.2800981402397156]]","[0.9995781779289246, 0.27843335270881653, -0.1140659749507904]","[0.0, 0.0, 0.0]","[0.9995781779289246, 0.27843335270881653, -0.1140659749507904]",0.07999999821186066,False,False
0,28,True,18.47712516784668,0.0,3.236842155456543,21.0,"[[0.9058142900466919, -0.12305716425180435, -0.2800981402397156], [0.9995781779289246, 0.27843335270881653, -0.1140659749507904]]","[0.9472625851631165, 0.18285521864891052, -0.18363173305988312]","[0.0, 0.0, 0.0]","[0.9472625851631165, 0.18285521864891052, -0.18363173305988312]",0.10999999940395355,False,False
0,29,True,19.422334671020508,0.0,3.9473683834075928,24.0,"[[0.9995781779289246, 0.27843335270881653, -0.1140659749507904], [0.9472625851631165, 0.18285521864891052, -0.18363173305988312]]","[0.9962542653083801, 0.24739472568035126, -0.04016845300793648]","[0.0, 0.0, 0.0]","[0.9962542653083801, 0.24739472568035126, -0.04016845300793648]",0.07999999821186066,False,False
0,30,True,20.054229736328125,0.0,3.8815789222717285,24.0,"[[0.9472625851631165, 0.18285521864891052, -0.18363173305988312], [0.9962542653083801, 0.24739472568035126, -0.04016845300793648]]","[0.9724364876747131, 0.027267873287200928, -0.01607068069279194]","[0.0, 0.0, 0.0]","[0.9724364876747131, 0.027267873287200928, -0.01607068069279194]",0.07999999821186066,False,False
0,31,True,20.686168670654297,0.0,4.092105388641357,24.0,"[[0.9962542653083801, 0.24739472568035126, -0.04016845300793648], [0.9724364876747131, 0.027267873287200928, -0.01607068069279194]]","[0.9955549836158752, -0.1868293732404709, -0.21443185210227966]","[0.0, 0.0, 0.0]","[0.9955549836158752, -0.1868293732404709, -0.21443185210227966]",0.10000000149011612,False,False
0,32,True,21.476947784423828,0.0,4.407894611358643,24.0,"[[0.9724364876747131, 0.027267873287200928, -0.01607068069279194], [0.9955549836158752, -0.1868293732404709, -0.21443185210227966]]","[0.9997320771217346, 0.1510639488697052, -0.06889857351779938]","[0.0, 0.0, 0.0]","[0.9997320771217346, 0.1510639488697052, -0.06889857351779938]",0.12999999523162842,False,False
0,33,True,22.426111221313477,0.0,4.184210777282715,21.0,"[[0.9955549836158752, -0.1868293732404709, -0.21443185210227966], [0.9997320771217346, 0.1510639488697052, -0.06889857351779938]]","[0.9033837914466858, -0.11734747141599655, 0.19861634075641632]","[0.0, 0.0, 0.0]","[0.9033837914466858, -0.11734747141599655, 0.19861634075641632]",0.10000000149011612,False,False
0,34,True,23.058650970458984,0.0,4.434210777282715,24.0,"[[0.9997320771217346, 0.1510639488697052, -0.06889857351779938], [0.9033837914466858, -0.11734747141599655, 0.19861634075641632]]","[0.9999662637710571, -0.2621881365776062, -0.18060912191867828]","[0.0, 0.0, 0.0]","[0.9999662637710571, -0.2621881365776062, -0.18060912191867828]",0.14000000059604645,False,False
0,35,True,24.008255004882812,0.0,4.3552632331848145,24.0,"[[0.9033837914466858, -0.11734747141599655, 0.19861634075641632], [0.9999662637710571, -0.2621881365776062, -0.18060912191867828]]","[0.9995232224464417, -0.13456478714942932, -0.03556365892291069]","[0.0, 0.0, 0.0]","[0.9995232224464417, -0.13456478714942932, -0.03556365892291069]",0.09000000357627869,False,False
0,36,True,24.64109992980957,0.0,3.8947367668151855,24.0,"[[0.9999662637710571, -0.2621881365776062, -0.18060912191867828], [0.9995232224464417, -0.13456478714942932, -0.03556365892291069]]","[0.9162084460258484, 0.0297493077814579, -0.10353139042854309]","[0.0, 0.0, 0.0]","[0.9162084460258484, 0.0297493077814579, -0.10353139042854309]",0.18000000715255737,False,False
0,37,True,25.74833106994629,0.0,3.5526316165924072,24.0,"[[0.9995232224464417, -0.13456478714942932, -0.03556365892291069], [0.9162084460258484, 0.0297493077814579, -0.10353139042854309]]","[0.9288364052772522, 0.08714653551578522, 0.06610017269849777]","[0.0, 0.0, 0.0]","[0.9288364052772522, 0.08714653551578522, 0.06610017269849777]",0.10000000149011612,False,False
0,38,True,26.3812198638916,0.0,3.526315927505493,21.0,"[[0.9162084460258484, 0.0297493077814579, -0.10353139042854309], [0.9288364052772522, 0.08714653551578522, 0.06610017269849777]]","[0.9985429048538208, 0.03211088106036186, -0.1252754032611847]","[0.0, 0.0, 0.0]","[0.9985429048538208, 0.03211088106036186, -0.1252754032611847]",0.1599999964237213,False,False
0,39,True,27.330270767211914,0.0,3.263157844543457,21.0,"[[0.9288364052772522, 0.08714653551578522, 0.06610017269849777], [0.9985429048538208, 0.03211088106036186, -0.1252754032611847]]","[0.8974781036376953, -0.01801919750869274, 0.05355841666460037]","[0.0, 0.0, 0.0]","[0.8974781036376953, -0.01801919750869274, 0.05355841666460037]",0.10999999940395355,False,False
0,40,True,27.962804794311523,0.0,3.526315927505493,21.0,"[[0.9985429048538208, 0.03211088106036186, -0.1252754032611847], [0.8974781036376953, -0.01801919750869274, 0.05355841666460037]]","[0.7988352179527283, 0.016413489356637, -0.09687770903110504]","[0.0, 0.0, 0.0]","[0.7988352179527283, 0.016413489356637, -0.09687770903110504]",0.17000000178813934,False,False
0,41,True,28.331390380859375,0.0,3.5,24.0,"[[0.8974781036376953, -0.01801919750869274, 0.05355841666460037], [0.7988352179527283, 0.016413489356637, -0.09687770903110504]]","[0.9996119737625122, -0.039668843150138855, 0.02407718636095524]","[0.0, 0.0, 0.0]","[0.9996119737625122, -0.039668843150138855, 0.02407718636095524]",0.10999999940395355,False,False
0,42,True,28.324155807495117,0.0,3.1973683834075928,24.0,"[[0.7988352179527283, 0.016413489356637, -0.09687770903110504], [0.9996119737625122, -0.039668843150138855, 0.02407718636095524]]","[0.9335039258003235, 0.5146573185920715, -0.05627794191241264]","[0.0, 0.0, 0.0]","[0.9335039258003235, 0.5146573185920715, -0.05627794191241264]",0.14000000059604645,False,False
0,43,True,28.316959381103516,0.0,3.0921053886413574,24.0,"[[0.9996119737625122, -0.039668843150138855, 0.02407718636095524], [0.9335039258003235, 0.5146573185920715, -0.05627794191241264]]","[0.9359965324401855, 0.13417230546474457, 0.3079579770565033]","[0.0, 0.0, 0.0]","[0.9359965324401855, 0.13417230546474457, 0.3079579770565033]",0.11999999731779099,False,False
0,44,True,28.31338119506836,0.0,2.75,24.0,"[[0.9335039258003235, 0.5146573185920715, -0.05627794191241264], [0.9359965324401855, 0.13417230546474457, 0.3079579770565033]]","[0.9892037510871887, -0.05316375195980072, -0.037885457277297974]","[0.0, 0.0, 0.0]","[0.9892037510871887, -0.05316375195980072, -0.037885457277297974]",0.1899999976158142,False,False
0,45,True,28.31134796142578,0.0,2.4342105388641357,24.0,"[[0.9359965324401855, 0.13417230546474457, 0.3079579770565033], [0.9892037510871887, -0.05316375195980072, -0.037885457277297974]]","[0.9905422925949097, -0.4398336708545685, 0.15321512520313263]","[0.0, 0.0, 0.0]","[0.9905422925949097, -0.4398336708545685, 0.15321512520313263]",0.15000000596046448,False,False
0,46,True,28.310970306396484,0.0,2.1184210777282715,21.0,"[[0.9892037510871887, -0.05316375195980072, -0.037885457277297974], [0.9905422925949097, -0.4398336708545685, 0.15321512520313263]]","[0.9911953210830688, -0.30639010667800903, 0.13488733768463135]","[0.0, 0.0, 0.0]","[0.9911953210830688, -0.30639010667800903, 0.13488733768463135]",0.10999999940395355,False,False
0,47,True,28.753517150878906,0.0,1.894736886024475,21.0,"[[0.9905422925949097, -0.4398336708545685, 0.15321512520313263], [0.9911953210830688, -0.30639010667800903, 0.13488733768463135]]","[0.9419020414352417, -0.23639222979545593, 0.36664363741874695]","[0.0, 0.0, 0.0]","[0.9419020414352417, -0.23639222979545593, 0.36664363741874695]",0.17000000178813934,False,False
0,48,True,29.416824340820312,0.0,1.6315789222717285,10.0,"[[0.9911953210830688, -0.30639010667800903, 0.13488733768463135], [0.9419020414352417, -0.23639222979545593, 0.36664363741874695]]","[0.8019587397575378, -0.11231821775436401, 0.06351756304502487]","[0.0, 0.0, 0.0]","[0.8019587397575378, -0.11231821775436401, 0.06351756304502487]",0.15000000596046448,False,False
0,49,True,29.964603424072266,0.0,1.6842105388641357,10.0,"[[0.9419020414352417, -0.23639222979545593, 0.36664363741874695], [0.8019587397575378, -0.11231821775436401, 0.06351756304502487]]","[0.8135337829589844, -0.3743046224117279, 0.12299732118844986]","[0.0, 0.0, 0.0]","[0.8135337829589844, -0.3743046224117279, 0.12299732118844986]",0.11999999731779099,False,False
0,50,True,30.397798538208008,0.0,1.6710526943206787,10.0,"[[0.8019587397575378, -0.11231821775436401, 0.06351756304502487], [0.8135337829589844, -0.3743046224117279, 0.12299732118844986]]","[0.8722220659255981, -0.4810863733291626, 0.12144425511360168]","[0.0, 0.0, 0.0]","[0.8722220659255981, -0.4810863733291626, 0.12144425511360168]",0.18000000715255737,False,False
0,51,True,31.047996520996094,0.0,1.4473683834075928,9.0,"[[0.8135337829589844, -0.3743046224117279, 0.12299732118844986], [0.8722220659255981, -0.4810863733291626, 0.12144425511360168]]","[0.9591442346572876, 0.491958886384964, 0.08043710142374039]","[0.0, 0.0, 0.0]","[0.9591442346572876, 0.491958886384964, 0.08043710142374039]",0.10000000149011612,False,False
0,52,True,31.372323989868164,0.0,1.5789474248886108,25.0,"[[0.8722220659255981, -0.4810863733291626, 0.12144425511360168], [0.9591442346572876, 0.491958886384964, 0.08043710142374039]]","[0.9957353472709656, -0.4467684328556061, 0.261455237865448]","[0.0, 0.0, 0.0]","[0.9957353472709656, -0.4467684328556061, 0.261455237865448]",0.2199999988079071,False,False
0,53,True,32.1300048828125,0.0,1.4736841917037964,25.0,"[[0.9591442346572876, 0.491958886384964, 0.08043710142374039], [0.9957353472709656, -0.4467684328556061, 0.261455237865448]]","[0.946604311466217, -0.13049694895744324, 0.16895581781864166]","[0.0, 0.0, 0.0]","[0.946604311466217, -0.13049694895744324, 0.16895581781864166]",0.12999999523162842,False,False
0,54,True,32.5643196105957,0.0,1.2763158082962036,25.0,"[[0.9957353472709656, -0.4467684328556061, 0.261455237865448], [0.946604311466217, -0.13049694895744324, 0.16895581781864166]]","[0.9543845057487488, -0.12097649276256561, 0.1503906548023224]","[0.0, 0.0, 0.0]","[0.9543845057487488, -0.12097649276256561, 0.1503906548023224]",0.20000000298023224,False,False
0,55,True,33.21796417236328,0.0,1.7236841917037964,25.0,"[[0.946604311466217, -0.13049694895744324, 0.16895581781864166], [0.9543845057487488, -0.12097649276256561, 0.1503906548023224]]","[0.9992143511772156, 0.3223326802253723, -0.009570015594363213]","[0.0, 0.0, 0.0]","[0.9992143511772156, 0.3223326802253723, -0.009570015594363213]",0.12999999523162842,False,False
0,56,True,33.65599822998047,0.0,1.5131579637527466,25.0,"[[0.9543845057487488, -0.12097649276256561, 0.1503906548023224], [0.9992143511772156, 0.3223326802253723, -0.009570015594363213]]","[0.9939619898796082, 0.08309436589479446, 0.3765023350715637]","[0.0, 0.0, 0.0]","[0.9939619898796082, 0.08309436589479446, 0.3765023350715637]",0.14000000059604645,False,False
0,57,True,34.094696044921875,0.0,1.8026316165924072,25.0,"[[0.9992143511772156, 0.3223326802253723, -0.009570015594363213], [0.9939619898796082, 0.08309436589479446, 0.3765023350715637]]","[0.9654780030250549, 0.014088043943047523, 0.019101077690720558]","[0.0, 0.0, 0.0]","[0.9654780030250549, 0.014088043943047523, 0.019101077690720558]",0.20000000298023224,False,False
0,58,True,34.752281188964844,0.0,2.1052632331848145,25.0,"[[0.9939619898796082, 0.08309436589479446, 0.3765023350715637], [0.9654780030250549, 0.014088043943047523, 0.019101077690720558]]","[0.9983128309249878, 0.1444486826658249, -0.0886227935552597]","[0.0, 0.0, 0.0]","[0.9983128309249878, 0.1444486826658249, -0.0886227935552597]",0.14000000059604645,False,False
0,59,True,35.18684768676758,0.0,1.7763158082962036,25.0,"[[0.9654780030250549, 0.014088043943047523, 0.019101077690720558], [0.9983128309249878, 0.1444486826658249, -0.0886227935552597]]","[0.8644971251487732, 0.014726093038916588, 0.2212490737438202]","[0.0, 0.0, 0.0]","[0.8644971251487732, 0.014726093038916588, 0.2212490737438202]",0.20999999344348907,False,False
0,60,True,35.84104919433594,0.0,2.21052622795105,25.0,"[[0.9983128309249878, 0.1444486826658249, -0.0886227935552597], [0.8644971251487732, 0.014726093038916588, 0.2212490737438202]]","[0.9933963418006897, -0.2054472267627716, 0.03595560044050217]","[0.0, 0.0, 0.0]","[0.9933963418006897, -0.2054472267627716, 0.03595560044050217]",0.10999999940395355,False,False
0,61,True,36.1674919128418,0.0,1.8815789222717285,24.0,"[[0.8644971251487732, 0.014726093038916588, 0.2212490737438202], [0.9933963418006897, -0.2054472267627716, 0.03595560044050217]]","[0.9958022236824036, 0.03873508796095848, 0.3648304343223572]","[0.0, 0.0, 0.0]","[0.9958022236824036, 0.03873508796095848, 0.3648304343223572]",0.25999999046325684,False,False
0,62,True,36.92812728881836,0.0,1.5921052694320679,24.0,"[[0.9933963418006897, -0.2054472267627716, 0.03595560044050217], [0.9958022236824036, 0.03873508796095848, 0.3648304343223572]]","[0.9422173500061035, -0.0007354010595008731, 0.2938487231731415]","[0.0, 0.0, 0.0]","[0.9422173500061035, -0.0007354010595008731, 0.2938487231731415]",0.2199999988079071,False,False
0,63,True,37.5798454284668,0.0,1.486842155456543,24.0,"[[0.9958022236824036, 0.03873508796095848, 0.3648304343223572], [0.9422173500061035, -0.0007354010595008731, 0.2938487231731415]]","[0.8541827201843262, -0.04948142170906067, 0.19831663370132446]","[0.0, 0.0, 0.0]","[0.8541827201843262, -0.04948142170906067, 0.19831663370132446]",0.1899999976158142,False,False
0,64,True,38.12210464477539,0.0,0.9473684430122375,8.0,"[[0.9422173500061035, -0.0007354010595008731, 0.2938487231731415], [0.8541827201843262, -0.04948142170906067, 0.19831663370132446]]","[0.8489769101142883, 0.47298359870910645, 0.7570070028305054]","[0.0, 0.0, 0.0]","[0.8489769101142883, 0.47298359870910645, 0.7570070028305054]",0.1899999976158142,False,False
0,65,True,38.666603088378906,0.0,0.8421052694320679,8.0,"[[0.8541827201843262, -0.04948142170906067, 0.19831663370132446], [0.8489769101142883, 0.47298359870910645, 0.7570070028305054]]","[0.7983059883117676, 0.3230498731136322, 0.4742416739463806]","[0.0, 0.0, 0.0]","[0.7983059883117676, 0.3230498731136322, 0.4742416739463806]",0.20000000298023224,False,False
0,66,True,39.20962905883789,0.0,0.8289473652839661,8.0,"[[0.8489769101142883, 0.47298359870910645, 0.7570070028305054], [0.7983059883117676, 0.3230498731136322, 0.4742416739463806]]","[0.8992720246315002, -0.043415892869234085, 0.6412407159805298]","[0.0, 0.0, 0.0]","[0.8992720246315002, -0.043415892869234085, 0.6412407159805298]",0.1899999976158142,False,False
0,67,True,39.74166488647461,0.0,0.8026315569877625,8.0,"[[0.7983059883117676, 0.3230498731136322, 0.4742416739463806], [0.8992720246315002, -0.043415892869234085, 0.6412407159805298]]","[0.9195179343223572, 0.2801329791545868, 0.2538057267665863]","[0.0, 0.0, 0.0]","[0.9195179343223572, 0.2801329791545868, 0.2538057267665863]",0.20000000298023224,False,False
0,68,True,40.276790618896484,0.0,0.7763158082962036,8.0,"[[0.8992720246315002, -0.043415892869234085, 0.6412407159805298], [0.9195179343223572, 0.2801329791545868, 0.2538057267665863]]","[0.7974342703819275, 0.3119409680366516, 0.3339846730232239]","[0.0, 0.0, 0.0]","[0.7974342703819275, 0.3119409680366516, 0.3339846730232239]",0.20000000298023224,False,False
0,69,True,40.810550689697266,0.0,0.7368420958518982,7.0,"[[0.9195179343223572, 0.2801329791545868, 0.2538057267665863], [0.7974342703819275, 0.3119409680366516, 0.3339846730232239]]","[0.7703697681427002, 0.2540416717529297, 0.13128039240837097]","[0.0, 0.0, 0.0]","[0.7703697681427002, 0.2540416717529297, 0.13128039240837097]",0.20999999344348907,False,False
0,70,True,41.34979248046875,0.0,0.7105263471603394,7.0,"[[0.7974342703819275, 0.3119409680366516, 0.3339846730232239], [0.7703697681427002, 0.2540416717529297, 0.13128039240837097]]","[0.7578093409538269, 0.23396539688110352, 0.15556831657886505]","[0.0, 0.0, 0.0]","[0.7578093409538269, 0.23396539688110352, 0.15556831657886505]",0.20999999344348907,False,False
0,71,True,41.890289306640625,0.0,0.7105263471603394,7.0,"[[0.7703697681427002, 0.2540416717529297, 0.13128039240837097], [0.7578093409538269, 0.23396539688110352, 0.15556831657886505]]","[0.7953524589538574, 0.1303779035806656, -0.03978264704346657]","[0.0, 0.0, 0.0]","[0.7953524589538574, 0.1303779035806656, -0.03978264704346657]",0.20999999344348907,False,False
0,72,True,42.432498931884766,0.0,0.7105263471603394,7.0,"[[0.7578093409538269, 0.23396539688110352, 0.15556831657886505], [0.7953524589538574, 0.1303779035806656, -0.03978264704346657]]","[0.8533768057823181, -0.002907699206843972, 0.13860289752483368]","[0.0, 0.0, 0.0]","[0.8533768057823181, -0.002907699206843972, 0.13860289752483368]",0.20000000298023224,False,False
0,73,True,42.975563049316406,0.0,0.7368420958518982,7.0,"[[0.7953524589538574, 0.1303779035806656, -0.03978264704346657], [0.8533768057823181, -0.002907699206843972, 0.13860289752483368]]","[0.7789204716682434, -0.18817009031772614, -0.15861500799655914]","[0.0, 0.0, 0.0]","[0.7789204716682434, -0.18817009031772614, -0.15861500799655914]",0.1899999976158142,False,False
0,74,True,43.51869201660156,0.0,0.7631579041481018,7.0,"[[0.8533768057823181, -0.002907699206843972, 0.13860289752483368], [0.7789204716682434, -0.18817009031772614, -0.15861500799655914]]","[0.7561937570571899, -0.0786232128739357, -0.19971872866153717]","[0.0, 0.0, 0.0]","[0.7561937570571899, -0.0786232128739357, -0.19971872866153717]",0.18000000715255737,False,False
0,75,True,44.061702728271484,0.0,0.6973684430122375,7.0,"[[0.7789204716682434, -0.18817009031772614, -0.15861500799655914], [0.7561937570571899, -0.0786232128739357, -0.19971872866153717]]","[0.7750489115715027, 0.003641806310042739, -0.10788916796445847]","[0.0, 0.0, 0.0]","[0.7750489115715027, 0.003641806310042739, -0.10788916796445847]",0.1599999964237213,False,False
0,76,True,44.60425567626953,0.0,0.6447368264198303,7.0,"[[0.7561937570571899, -0.0786232128739357, -0.19971872866153717], [0.7750489115715027, 0.003641806310042739, -0.10788916796445847]]","[0.8392359614372253, 0.024058347567915916, 0.14951714873313904]","[0.0, 0.0, 0.0]","[0.8392359614372253, 0.024058347567915916, 0.14951714873313904]",0.14000000059604645,False,False
0,77,True,45.03718185424805,0.0,0.5921052694320679,7.0,"[[0.7750489115715027, 0.003641806310042739, -0.10788916796445847], [0.8392359614372253, 0.024058347567915916, 0.14951714873313904]]","[0.8486219644546509, -0.208049938082695, 0.24880552291870117]","[0.0, 0.0, 0.0]","[0.8486219644546509, -0.208049938082695, 0.24880552291870117]",0.12999999523162842,False,False
0,78,True,45.03160858154297,0.0,0.5921052694320679,7.0,"[[0.8392359614372253, 0.024058347567915916, 0.14951714873313904], [0.8486219644546509, -0.208049938082695, 0.24880552291870117]]","[0.9086350202560425, -0.5667504668235779, 0.06810043007135391]","[0.0, 0.0, 0.0]","[0.9086350202560425, -0.5667504668235779, 0.06810043007135391]",0.12999999523162842,False,False
0,79,True,45.02840805053711,0.0,0.6973684430122375,8.0,"[[0.8486219644546509, -0.208049938082695, 0.24880552291870117], [0.9086350202560425, -0.5667504668235779, 0.06810043007135391]]","[0.8876112103462219, -0.7376307249069214, -0.021514536812901497]","[0.0, 0.0, 0.0]","[0.8876112103462219, -0.7376307249069214, -0.021514536812901497]",0.09000000357627869,False,False
0,80,True,45.0284423828125,0.0,0.8421052694320679,9.0,"[[0.9086350202560425, -0.5667504668235779, 0.06810043007135391], [0.8876112103462219, -0.7376307249069214, -0.021514536812901497]]","[0.8645797967910767, -0.7063919305801392, -0.08505114167928696]","[0.0, 0.0, 0.0]","[0.8645797967910767, -0.7063919305801392, -0.08505114167928696]",0.07000000029802322,False,False
0,81,True,27.61603355407715,0.0,5.1447367668151855,72.0,"[[0.8876112103462219, -0.7376307249069214, -0.021514536812901497], [0.8645797967910767, -0.7063919305801392, -0.08505114167928696]]","[0.9984800815582275, 0.614115834236145, 0.8448495268821716]","[0.0, 0.0, 0.0]","[0.9984800815582275, 0.614115834236145, 0.8448495268821716]",0.05000000074505806,False,False
0,82,True,18.064186096191406,0.0,4.947368621826172,72.0,"[[0.8645797967910767, -0.7063919305801392, -0.08505114167928696], [0.9984800815582275, 0.614115834236145, 0.8448495268821716]]","[0.9990639686584473, 0.07642701268196106, 0.4290793538093567]","[0.0, 0.0, 0.0]","[0.9990639686584473, 0.07642701268196106, 0.4290793538093567]",0.03999999910593033,False,False
0,83,True,15.855317115783691,0.0,5.657894611358643,72.0,"[[0.9984800815582275, 0.614115834236145, 0.8448495268821716], [0.9990639686584473, 0.07642701268196106, 0.4290793538093567]]","[0.9879392981529236, -0.14497506618499756, 0.9799511432647705]","[0.0, 0.0, 0.0]","[0.9879392981529236, -0.14497506618499756, 0.9799511432647705]",0.05000000074505806,False,False
0,84,True,14.410529136657715,0.0,6.210526466369629,72.0,"[[0.9990639686584473, 0.07642701268196106, 0.4290793538093567], [0.9879392981529236, -0.14497506618499756, 0.9799511432647705]]","[0.8541049361228943, -0.6788425445556641, 0.6381967663764954]","[0.0, 0.0, 0.0]","[0.8541049361228943, -0.6788425445556641, 0.6381967663764954]",0.03999999910593033,False,False
0,85,True,12.247743606567383,0.0,2.5,26.0,"[[0.9879392981529236, -0.14497506618499756, 0.9799511432647705], [0.8541049361228943, -0.6788425445556641, 0.6381967663764954]]","[0.9539242386817932, 0.18078619241714478, 0.15104518830776215]","[0.0, 0.0, 0.0]","[0.9539242386817932, 0.18078619241714478, 0.15104518830776215]",0.029999999329447746,False,False
0,86,True,9.783636093139648,0.0,3.1973683834075928,26.0,"[[0.8541049361228943, -0.6788425445556641, 0.6381967663764954], [0.9539242386817932, 0.18078619241714478, 0.15104518830776215]]","[0.9926412105560303, -0.002558145672082901, -0.114532969892025]","[0.0, 0.0, 0.0]","[0.9926412105560303, -0.002558145672082901, -0.114532969892025]",0.019999999552965164,False,False
0,87,True,7.378724575042725,0.0,2.96052622795105,23.0,"[[0.9539242386817932, 0.18078619241714478, 0.15104518830776215], [0.9926412105560303, -0.002558145672082901, -0.114532969892025]]","[0.9637863636016846, -0.08493146300315857, 0.17467349767684937]","[0.0, 0.0, 0.0]","[0.9637863636016846, -0.08493146300315857, 0.17467349767684937]",0.019999999552965164,False,False
0,88,True,5.163564205169678,0.0,2.6052632331848145,23.0,"[[0.9926412105560303, -0.002558145672082901, -0.114532969892025], [0.9637863636016846, -0.08493146300315857, 0.17467349767684937]]","[0.9519276022911072, -0.05101887881755829, 0.5615791082382202]","[0.0, 0.0, 0.0]","[0.9519276022911072, -0.05101887881755829, 0.5615791082382202]",0.0,False,False
0,89,True,1.8367260694503784,0.0,2.6842105388641357,23.0,"[[0.9637863636016846, -0.08493146300315857, 0.17467349767684937], [0.9519276022911072, -0.05101887881755829, 0.5615791082382202]]","[0.9568496942520142, -0.05000423640012741, 0.6101570129394531]","[0.0, 0.0, 0.0]","[0.9568496942520142, -0.05000423640012741, 0.6101570129394531]",0.009999999776482582,False,False
0,90,True,0.9529125690460205,0.0,2.763157844543457,23.0,"[[0.9519276022911072, -0.05101887881755829, 0.5615791082382202], [0.9568496942520142, -0.05000423640012741, 0.6101570129394531]]","[0.9732814431190491, -0.11003044247627258, 0.3769809901714325]","[0.0, 0.0, 0.0]","[0.9732814431190491, -0.11003044247627258, 0.3769809901714325]",0.0,False,False
0,91,True,0.6850826740264893,0.0,2.6973683834075928,22.0,"[[0.9568496942520142, -0.05000423640012741, 0.6101570129394531], [0.9732814431190491, -0.11003044247627258, 0.3769809901714325]]","[0.1605975180864334, -0.11168334633111954, 0.8434797525405884]","[0.0, 0.0, 0.0]","[0.1605975180864334, -0.11168334633111954, 0.8434797525405884]",0.0,False,False
0,92,True,0.7214964032173157,0.0,2.736842155456543,20.0,"[[0.9732814431190491, -0.11003044247627258, 0.3769809901714325], [0.1605975180864334, -0.11168334633111954, 0.8434797525405884]]","[0.5422515869140625, -0.03840039297938347, 0.7527655363082886]","[0.0, 0.0, 0.0]","[0.5422515869140625, -0.03840039297938347, 0.7527655363082886]",0.0,False,False
0,93,True,0.7382077574729919,0.0,2.4210526943206787,19.0,"[[0.1605975180864334, -0.11168334633111954, 0.8434797525405884], [0.5422515869140625, -0.03840039297938347, 0.7527655363082886]]","[0.6560877561569214, -0.16359509527683258, 0.5649256706237793]","[0.0, 0.0, 0.0]","[0.6560877561569214, -0.16359509527683258, 0.5649256706237793]",0.0,False,False
0,94,True,0.9227731227874756,0.0,2.263157844543457,14.0,"[[0.5422515869140625, -0.03840039297938347, 0.7527655363082886], [0.6560877561569214, -0.16359509527683258, 0.5649256706237793]]","[0.38152292370796204, 0.017872683703899384, 0.2429617941379547]","[0.0, 0.0, 0.0]","[0.38152292370796204, 0.017872683703899384, 0.2429617941379547]",0.0,False,False
0,95,True,0.6721698045730591,0.0,2.0526316165924072,13.0,"[[0.6560877561569214, -0.16359509527683258, 0.5649256706237793], [0.38152292370796204, 0.017872683703899384, 0.2429617941379547]]","[0.4724009037017822, -0.03489397093653679, 0.40426158905029297]","[0.0, 0.0, 0.0]","[0.4724009037017822, -0.03489397093653679, 0.40426158905029297]",0.0,False,False
0,96,True,1.0334101915359497,0.0,1.9473683834075928,12.0,"[[0.38152292370796204, 0.017872683703899384, 0.2429617941379547], [0.4724009037017822, -0.03489397093653679, 0.40426158905029297]]","[0.6655685901641846, -0.11458166688680649, 0.11906827241182327]","[0.0, 0.0, 0.0]","[0.6655685901641846, -0.11458166688680649, 0.11906827241182327]",0.0,False,False
0,97,True,0.987194836139679,0.0,1.8421052694320679,11.0,"[[0.4724009037017822, -0.03489397093653679, 0.40426158905029297], [0.6655685901641846, -0.11458166688680649, 0.11906827241182327]]","[0.7959692478179932, 0.07767569273710251, -0.20787888765335083]","[0.0, 0.0, 0.0]","[0.7959692478179932, 0.07767569273710251, -0.20787888765335083]",0.0,False,False
0,98,True,0.35301363468170166,0.0,1.6184210777282715,10.0,"[[0.6655685901641846, -0.11458166688680649, 0.11906827241182327], [0.7959692478179932, 0.07767569273710251, -0.20787888765335083]]","[0.9971133470535278, 0.07459321618080139, -0.3366250693798065]","[0.0, 0.0, 0.0]","[0.9971133470535278, 0.07459321618080139, -0.3366250693798065]",0.0,False,False
0,99,True,0.38770508766174316,0.0,1.605263113975525,9.0,"[[0.7959692478179932, 0.07767569273710251, -0.20787888765335083], [0.9971133470535278, 0.07459321618080139, -0.3366250693798065]]","[0.9996528029441833, 0.005670561920851469, -0.2867558002471924]","[0.0, 0.0, 0.0]","[0.9996528029441833, 0.005670561920851469, -0.2867558002471924]",0.0,False,False
0,100,True,0.32526895403862,0.0,1.605263113975525,9.0,"[[0.9971133470535278, 0.07459321618080139, -0.3366250693798065], [0.9996528029441833, 0.005670561920851469, -0.2867558002471924]]","[0.9998544454574585, 0.036768656224012375, -0.2422962188720703]","[0.0, 0.0, 0.0]","[0.9998544454574585, 0.036768656224012375, -0.2422962188720703]",0.0,True,False
1,0,True,0.008179092779755592,0.0,1.6315789222717285,9.0,"[[0.0, 0.0, 0.0], [0.0, 0.0, 0.0]]","[0.6047064661979675, -0.02859586291015148, -0.2630957067012787]","[0.0, 0.0, 0.0]","[0.6047064661979675, -0.02859586291015148, -0.2630957067012787]",0.0,False,False
1,1,True,0.008541787974536419,0.0,1.6315789222717285,9.0,"[[0.0, 0.0, 0.0], [0.6047064661979675, -0.02859586291015148, -0.2630957067012787]]","[0.9405179023742676, 0.06757500022649765, -0.28457292914390564]","[0.0, 0.0, 0.0]","[0.9405179023742676, 0.06757500022649765, -0.28457292914390564]",0.0,False,False
1,2,True,0.008157841861248016,0.0,1.6315789222717285,9.0,"[[0.6047064661979675, -0.02859586291015148, -0.2630957067012787], [0.9405179023742676, 0.06757500022649765, -0.28457292914390564]]","[0.9993404150009155, 0.08860956877470016, -0.2822059690952301]","[0.0, 0.0, 0.0]","[0.9993404150009155, 0.08860956877470016, -0.2822059690952301]",0.0,False,False
1,3,True,0.4471067786216736,0.0,1.6315789222717285,9.0,"[[0.9405179023742676, 0.06757500022649765, -0.28457292914390564], [0.9993404150009155, 0.08860956877470016, -0.2822059690952301]]","[0.9998543858528137, 0.04324939846992493, -0.24411152303218842]","[0.0, 0.0, 0.0]","[0.9998543858528137, 0.04324939846992493, -0.24411152303218842]",0.0,False,False
1,4,True,1.2416059970855713,0.0,2.026315689086914,14.0,"[[0.9993404150009155, 0.08860956877470016, -0.2822059690952301], [0.9998543858528137, 0.04324939846992493, -0.24411152303218842]]","[0.9992399215698242, 0.038735851645469666, -0.4565988779067993]","[0.0, 0.0, 0.0]","[0.9992399215698242, 0.038735851645469666, -0.4565988779067993]",0.0,False,False
1,5,True,2.0339534282684326,0.0,2.236842155456543,14.0,"[[0.9998543858528137, 0.04324939846992493, -0.24411152303218842], [0.9992399215698242, 0.038735851645469666, -0.4565988779067993]]","[0.5532948970794678, -0.09894493222236633, -0.3935410678386688]","[0.0, 0.0, 0.0]","[0.5532948970794678, -0.09894493222236633, -0.3935410678386688]",0.0,False,False
1,6,True,2.660367012023926,0.0,2.8157894611358643,18.0,"[[0.9992399215698242, 0.038735851645469666, -0.4565988779067993], [0.5532948970794678, -0.09894493222236633, -0.3935410678386688]]","[0.8611955046653748, -0.3173878490924835, 0.02871537394821644]","[0.0, 0.0, 0.0]","[0.8611955046653748, -0.3173878490924835, 0.02871537394821644]",0.0,False,False
1,7,True,3.0434703826904297,0.0,2.973684310913086,18.0,"[[0.5532948970794678, -0.09894493222236633, -0.3935410678386688], [0.8611955046653748, -0.3173878490924835, 0.02871537394821644]]","[0.9509427547454834, 0.16253215074539185, -0.2468782216310501]","[0.0, 0.0, 0.0]","[0.9509427547454834, 0.16253215074539185, -0.2468782216310501]",0.009999999776482582,False,False
1,8,True,3.2813029289245605,0.0,2.6842105388641357,18.0,"[[0.8611955046653748, -0.3173878490924835, 0.02871537394821644], [0.9509427547454834, 0.16253215074539185, -0.2468782216310501]]","[0.7866120338439941, -0.1401812881231308, -0.27141743898391724]","[0.0, 0.0, 0.0]","[0.7866120338439941, -0.1401812881231308, -0.27141743898391724]",0.009999999776482582,False,False
1,9,True,4.0663557052612305,0.0,2.973684310913086,18.0,"[[0.9509427547454834, 0.16253215074539185, -0.2468782216310501], [0.7866120338439941, -0.1401812881231308, -0.27141743898391724]]","[0.9047108292579651, -0.036613237112760544, 0.02285253256559372]","[0.0, 0.0, 0.0]","[0.9047108292579651, -0.036613237112760544, 0.02285253256559372]",0.029999999329447746,False,False
1,10,True,4.8524603843688965,0.0,2.5,17.0,"[[0.7866120338439941, -0.1401812881231308, -0.27141743898391724], [0.9047108292579651, -0.036613237112760544, 0.02285253256559372]]","[0.8777034878730774, -0.027828646823763847, 0.2704407274723053]","[0.0, 0.0, 0.0]","[0.8777034878730774, -0.027828646823763847, 0.2704407274723053]",0.019999999552965164,False,False
1,11,True,5.64320182800293,0.0,2.6447367668151855,17.0,"[[0.9047108292579651, -0.036613237112760544, 0.02285253256559372], [0.8777034878730774, -0.027828646823763847, 0.2704407274723053]]","[0.889937698841095, 0.035830896347761154, 0.2698253393173218]","[0.0, 0.0, 0.0]","[0.889937698841095, 0.035830896347761154, 0.2698253393173218]",0.029999999329447746,False,False
1,12,True,6.435771942138672,0.0,3.1315789222717285,21.0,"[[0.8777034878730774, -0.027828646823763847, 0.2704407274723053], [0.889937698841095, 0.035830896347761154, 0.2698253393173218]]","[0.9974102973937988, -0.055507536977529526, -0.03763944283127785]","[0.0, 0.0, 0.0]","[0.9974102973937988, -0.055507536977529526, -0.03763944283127785]",0.029999999329447746,False,False
1,13,True,7.226364612579346,0.0,3.1842105388641357,21.0,"[[0.889937698841095, 0.035830896347761154, 0.2698253393173218], [0.9974102973937988, -0.055507536977529526, -0.03763944283127785]]","[0.9979898929595947, 0.059244077652692795, -0.0627472773194313]","[0.0, 0.0, 0.0]","[0.9979898929595947, 0.059244077652692795, -0.0627472773194313]",0.03999999910593033,False,False
1,14,True,8.016312599182129,0.0,4.0789475440979,25.0,"[[0.9974102973937988, -0.055507536977529526, -0.03763944283127785], [0.9979898929595947, 0.059244077652692795, -0.0627472773194313]]","[0.9999315142631531, 0.32481539249420166, -0.00290074129588902]","[0.0, 0.0, 0.0]","[0.9999315142631531, 0.32481539249420166, -0.00290074129588902]",0.03999999910593033,False,False
1,15,True,8.806136131286621,0.0,3.96052622795105,25.0,"[[0.9979898929595947, 0.059244077652692795, -0.0627472773194313], [0.9999315142631531, 0.32481539249420166, -0.00290074129588902]]","[0.9751591086387634, 0.01917589083313942, -0.15114262700080872]","[0.0, 0.0, 0.0]","[0.9751591086387634, 0.01917589083313942, -0.15114262700080872]",0.05000000074505806,False,False
1,16,True,9.593846321105957,0.0,4.026315689086914,26.0,"[[0.9999315142631531, 0.32481539249420166, -0.00290074129588902], [0.9751591086387634, 0.01917589083313942, -0.15114262700080872]]","[0.9978030323982239, 0.021880274638533592, -0.2221047580242157]","[0.0, 0.0, 0.0]","[0.9978030323982239, 0.021880274638533592, -0.2221047580242157]",0.05000000074505806,False,False
1,17,True,10.380406379699707,0.0,3.6578948497772217,26.0,"[[0.9751591086387634, 0.01917589083313942, -0.15114262700080872], [0.9978030323982239, 0.021880274638533592, -0.2221047580242157]]","[0.993537425994873, -0.026916706934571266, -0.25143134593963623]","[0.0, 0.0, 0.0]","[0.993537425994873, -0.026916706934571266, -0.25143134593963623]",0.05000000074505806,False,False
1,18,True,11.166584014892578,0.0,3.0921053886413574,26.0,"[[0.9978030323982239, 0.021880274638533592, -0.2221047580242157], [0.993537425994873, -0.026916706934571266, -0.25143134593963623]]","[0.9924205541610718, -0.10188309848308563, 0.07077741622924805]","[0.0, 0.0, 0.0]","[0.9924205541610718, -0.10188309848308563, 0.07077741622924805]",0.05999999865889549,False,False
1,19,True,11.95284652709961,0.0,3.28947377204895,26.0,"[[0.993537425994873, -0.026916706934571266, -0.25143134593963623], [0.9924205541610718, -0.10188309848308563, 0.07077741622924805]]","[0.9990561008453369, -0.12604190409183502, 0.0199017021805048]","[0.0, 0.0, 0.0]","[0.9990561008453369, -0.12604190409183502, 0.0199017021805048]",0.05999999865889549,False,False
1,20,True,12.7412748336792,0.0,2.986842155456543,24.0,"[[0.9924205541610718, -0.10188309848308563, 0.07077741622924805], [0.9990561008453369, -0.12604190409183502, 0.0199017021805048]]","[0.9998555779457092, -0.25168028473854065, -0.0198716651648283]","[0.0, 0.0, 0.0]","[0.9998555779457092, -0.25168028473854065, -0.0198716651648283]",0.07000000029802322,False,False
1,21,True,13.532700538635254,0.0,3.5921053886413574,25.0,"[[0.9990561008453369, -0.12604190409183502, 0.0199017021805048], [0.9998555779457092, -0.25168028473854065, -0.0198716651648283]]","[0.9962149858474731, -0.1568271368741989, -0.25027137994766235]","[0.0, 0.0, 0.0]","[0.9962149858474731, -0.1568271368741989, -0.25027137994766235]",0.07000000029802322,False,False
1,22,True,14.324963569641113,0.0,3.3552632331848145,25.0,"[[0.9998555779457092, -0.25168028473854065, -0.0198716651648283], [0.9962149858474731, -0.1568271368741989, -0.25027137994766235]]","[0.9931203126907349, -0.08094494044780731, -0.16046661138534546]","[0.0, 0.0, 0.0]","[0.9931203126907349, -0.08094494044780731, -0.16046661138534546]",0.07000000029802322,False,False
1,23,True,15.115682601928711,0.0,3.6447367668151855,26.0,"[[0.9962149858474731, -0.1568271368741989, -0.25027137994766235], [0.9931203126907349, -0.08094494044780731, -0.16046661138534546]]","[0.9871788024902344, 0.018202614039182663, -0.17089812457561493]","[0.0, 0.0, 0.0]","[0.9871788024902344, 0.018202614039182663, -0.17089812457561493]",0.07999999821186066,False,False
1,24,True,15.905734062194824,0.0,3.8815789222717285,26.0,"[[0.9931203126907349, -0.08094494044780731, -0.16046661138534546], [0.9871788024902344, 0.018202614039182663, -0.17089812457561493]]","[0.9966281652450562, 0.2443789541721344, 0.11546722799539566]","[0.0, 0.0, 0.0]","[0.9966281652450562, 0.2443789541721344, 0.11546722799539566]",0.07999999821186066,False,False
1,25,True,16.695554733276367,0.0,3.53947377204895,26.0,"[[0.9871788024902344, 0.018202614039182663, -0.17089812457561493], [0.9966281652450562, 0.2443789541721344, 0.11546722799539566]]","[0.9908649325370789, -0.002172640757635236, -0.06490711122751236]","[0.0, 0.0, 0.0]","[0.9908649325370789, -0.002172640757635236, -0.06490711122751236]",0.07999999821186066,False,False
1,26,True,17.48467445373535,0.0,3.8552632331848145,26.0,"[[0.9966281652450562, 0.2443789541721344, 0.11546722799539566], [0.9908649325370789, -0.002172640757635236, -0.06490711122751236]]","[0.9959506988525391, 0.03499861806631088, 0.06409895420074463]","[0.0, 0.0, 0.0]","[0.9959506988525391, 0.03499861806631088, 0.06409895420074463]",0.09000000357627869,False,False
1,27,True,18.273775100708008,0.0,3.6710526943206787,24.0,"[[0.9908649325370789, -0.002172640757635236, -0.06490711122751236], [0.9959506988525391, 0.03499861806631088, 0.06409895420074463]]","[0.9980252981185913, -0.08281081169843674, 0.03683363273739815]","[0.0, 0.0, 0.0]","[0.9980252981185913, -0.08281081169843674, 0.03683363273739815]",0.09000000357627869,False,False
1,28,True,19.063282012939453,0.0,3.986842155456543,24.0,"[[0.9959506988525391, 0.03499861806631088, 0.06409895420074463], [0.9980252981185913, -0.08281081169843674, 0.03683363273739815]]","[0.9963434338569641, 0.27733731269836426, -0.040425825864076614]","[0.0, 0.0, 0.0]","[0.9963434338569641, 0.27733731269836426, -0.040425825864076614]",0.10000000149011612,False,False
1,29,True,19.85359001159668,0.0,3.9473683834075928,24.0,"[[0.9980252981185913, -0.08281081169843674, 0.03683363273739815], [0.9963434338569641, 0.27733731269836426, -0.040425825864076614]]","[0.9746845364570618, 0.030159205198287964, -0.035415057092905045]","[0.0, 0.0, 0.0]","[0.9746845364570618, 0.030159205198287964, -0.035415057092905045]",0.10000000149011612,False,False
1,30,True,20.64480209350586,0.0,4.302631378173828,26.0,"[[0.9963434338569641, 0.27733731269836426, -0.040425825864076614], [0.9746845364570618, 0.030159205198287964, -0.035415057092905045]]","[0.9832698106765747, -0.03625958040356636, -0.14386184513568878]","[0.0, 0.0, 0.0]","[0.9832698106765747, -0.03625958040356636, -0.14386184513568878]",0.10999999940395355,False,False
1,31,True,21.436662673950195,0.0,4.592105388641357,26.0,"[[0.9746845364570618, 0.030159205198287964, -0.035415057092905045], [0.9832698106765747, -0.03625958040356636, -0.14386184513568878]]","[0.9945368766784668, 0.2102140486240387, 0.10916022211313248]","[0.0, 0.0, 0.0]","[0.9945368766784668, 0.2102140486240387, 0.10916022211313248]",0.10000000149011612,False,False
1,32,True,22.228595733642578,0.0,4.3815789222717285,26.0,"[[0.9832698106765747, -0.03625958040356636, -0.14386184513568878], [0.9945368766784668, 0.2102140486240387, 0.10916022211313248]]","[0.9993436336517334, 0.013794776983559132, 0.008131593465805054]","[0.0, 0.0, 0.0]","[0.9993436336517334, 0.013794776983559132, 0.008131593465805054]",0.11999999731779099,False,False
1,33,True,23.020137786865234,0.0,4.6184210777282715,26.0,"[[0.9945368766784668, 0.2102140486240387, 0.10916022211313248], [0.9993436336517334, 0.013794776983559132, 0.008131593465805054]]","[0.9985653758049011, -0.025151200592517853, -0.07818876206874847]","[0.0, 0.0, 0.0]","[0.9985653758049011, -0.025151200592517853, -0.07818876206874847]",0.10999999940395355,False,False
1,34,True,23.810945510864258,0.0,4.342105388641357,24.0,"[[0.9993436336517334, 0.013794776983559132, 0.008131593465805054], [0.9985653758049011, -0.025151200592517853, -0.07818876206874847]]","[0.9993986487388611, -0.15198859572410583, -0.04326700419187546]","[0.0, 0.0, 0.0]","[0.9993986487388611, -0.15198859572410583, -0.04326700419187546]",0.11999999731779099,False,False
1,35,True,24.60089683532715,0.0,4.6052632331848145,24.0,"[[0.9985653758049011, -0.025151200592517853, -0.07818876206874847], [0.9993986487388611, -0.15198859572410583, -0.04326700419187546]]","[0.998961329460144, -0.005556528922170401, -0.15760968625545502]","[0.0, 0.0, 0.0]","[0.998961329460144, -0.005556528922170401, -0.15760968625545502]",0.12999999523162842,False,False
1,36,True,25.390182495117188,0.0,4.25,24.0,"[[0.9993986487388611, -0.15198859572410583, -0.04326700419187546], [0.998961329460144, -0.005556528922170401, -0.15760968625545502]]","[0.9882400631904602, 0.08977992832660675, -0.011662621051073074]","[0.0, 0.0, 0.0]","[0.9882400631904602, 0.08977992832660675, -0.011662621051073074]",0.12999999523162842,False,False
1,37,True,26.179054260253906,0.0,4.4210524559021,26.0,"[[0.998961329460144, -0.005556528922170401, -0.15760968625545502], [0.9882400631904602, 0.08977992832660675, -0.011662621051073074]]","[0.9964288473129272, -0.19272206723690033, -0.11039324849843979]","[0.0, 0.0, 0.0]","[0.9964288473129272, -0.19272206723690033, -0.11039324849843979]",0.12999999523162842,False,False
1,38,True,26.968067169189453,0.0,4.1710524559021,26.0,"[[0.9882400631904602, 0.08977992832660675, -0.011662621051073074], [0.9964288473129272, -0.19272206723690033, -0.11039324849843979]]","[0.9979025721549988, -0.047020357102155685, 0.02781813219189644]","[0.0, 0.0, 0.0]","[0.9979025721549988, -0.047020357102155685, 0.02781813219189644]",0.12999999523162842,False,False
1,39,True,27.75760841369629,0.0,3.723684310913086,26.0,"[[0.9964288473129272, -0.19272206723690033, -0.11039324849843979], [0.9979025721549988, -0.047020357102155685, 0.02781813219189644]]","[0.9988501667976379, -0.056218717247247696, -0.0058443923480808735]","[0.0, 0.0, 0.0]","[0.9988501667976379, -0.056218717247247696, -0.0058443923480808735]",0.14000000059604645,False,False
1,40,True,28.287702560424805,0.0,3.3815789222717285,26.0,"[[0.9979025721549988, -0.047020357102155685, 0.02781813219189644], [0.9988501667976379, -0.056218717247247696, -0.0058443923480808735]]","[0.9172126054763794, -0.2536846995353699, 0.33812442421913147]","[0.0, 0.0, 0.0]","[0.9172126054763794, -0.2536846995353699, 0.33812442421913147]",0.15000000596046448,False,False
1,41,True,28.2785701751709,0.0,2.6052632331848145,19.0,"[[0.9988501667976379, -0.056218717247247696, -0.0058443923480808735], [0.9172126054763794, -0.2536846995353699, 0.33812442421913147]]","[0.8279821872711182, 0.008113222196698189, 0.17850662767887115]","[0.0, 0.0, 0.0]","[0.8279821872711182, 0.008113222196698189, 0.17850662767887115]",0.14000000059604645,False,False
1,42,True,28.270296096801758,0.0,2.3026316165924072,19.0,"[[0.9172126054763794, -0.2536846995353699, 0.33812442421913147], [0.8279821872711182, 0.008113222196698189, 0.17850662767887115]]","[0.8731915950775146, -0.07276094704866409, 0.09103859961032867]","[0.0, 0.0, 0.0]","[0.8731915950775146, -0.07276094704866409, 0.09103859961032867]",0.14000000059604645,False,False
1,43,True,28.264646530151367,0.0,1.6842105388641357,8.0,"[[0.8279821872711182, 0.008113222196698189, 0.17850662767887115], [0.8731915950775146, -0.07276094704866409, 0.09103859961032867]]","[0.888041615486145, 0.10226700454950333, 0.07348942756652832]","[0.0, 0.0, 0.0]","[0.888041615486145, 0.10226700454950333, 0.07348942756652832]",0.14000000059604645,False,False
1,44,True,28.26289176940918,0.0,1.6842105388641357,9.0,"[[0.8731915950775146, -0.07276094704866409, 0.09103859961032867], [0.888041615486145, 0.10226700454950333, 0.07348942756652832]]","[0.7928863167762756, -0.12412550300359726, 0.1568211317062378]","[0.0, 0.0, 0.0]","[0.7928863167762756, -0.12412550300359726, 0.1568211317062378]",0.14000000059604645,False,False
1,45,True,28.26349639892578,0.0,1.6578947305679321,10.0,"[[0.888041615486145, 0.10226700454950333, 0.07348942756652832], [0.7928863167762756, -0.12412550300359726, 0.1568211317062378]]","[0.8312996029853821, -0.209385946393013, 0.23546195030212402]","[0.0, 0.0, 0.0]","[0.8312996029853821, -0.209385946393013, 0.23546195030212402]",0.14000000059604645,False,False
1,46,True,28.7058162689209,0.0,1.6315789222717285,10.0,"[[0.7928863167762756, -0.12412550300359726, 0.1568211317062378], [0.8312996029853821, -0.209385946393013, 0.23546195030212402]]","[0.7639288902282715, -0.10334417223930359, 0.10884688794612885]","[0.0, 0.0, 0.0]","[0.7639288902282715, -0.10334417223930359, 0.10884688794612885]",0.15000000596046448,False,False
1,47,True,29.257837295532227,0.0,1.644736886024475,10.0,"[[0.8312996029853821, -0.209385946393013, 0.23546195030212402], [0.7639288902282715, -0.10334417223930359, 0.10884688794612885]]","[0.803425669670105, -0.17137041687965393, 0.11592712253332138]","[0.0, 0.0, 0.0]","[0.803425669670105, -0.17137041687965393, 0.11592712253332138]",0.14000000059604645,False,False
1,48,True,29.807374954223633,0.0,1.6842105388641357,10.0,"[[0.7639288902282715, -0.10334417223930359, 0.10884688794612885], [0.803425669670105, -0.17137041687965393, 0.11592712253332138]]","[0.8276265859603882, -0.3805052638053894, 0.11267808824777603]","[0.0, 0.0, 0.0]","[0.8276265859603882, -0.3805052638053894, 0.11267808824777603]",0.15000000596046448,False,False
1,49,True,30.35328483581543,0.0,1.644736886024475,10.0,"[[0.803425669670105, -0.17137041687965393, 0.11592712253332138], [0.8276265859603882, -0.3805052638053894, 0.11267808824777603]]","[0.8756750822067261, -0.47537678480148315, 0.11355353891849518]","[0.0, 0.0, 0.0]","[0.8756750822067261, -0.47537678480148315, 0.11355353891849518]",0.1599999964237213,False,False
1,50,True,30.896045684814453,0.0,1.4078947305679321,9.0,"[[0.8276265859603882, -0.3805052638053894, 0.11267808824777603], [0.8756750822067261, -0.47537678480148315, 0.11355353891849518]]","[0.954942524433136, 0.4557077884674072, 0.12844808399677277]","[0.0, 0.0, 0.0]","[0.954942524433136, 0.4557077884674072, 0.12844808399677277]",0.15000000596046448,False,False
1,51,True,31.437219619750977,0.0,1.1973683834075928,8.0,"[[0.8756750822067261, -0.47537678480148315, 0.11355353891849518], [0.954942524433136, 0.4557077884674072, 0.12844808399677277]]","[0.9215763211250305, -0.06165628880262375, 0.160768061876297]","[0.0, 0.0, 0.0]","[0.9215763211250305, -0.06165628880262375, 0.160768061876297]",0.1599999964237213,False,False
1,52,True,31.978681564331055,0.0,0.9342105388641357,7.0,"[[0.954942524433136, 0.4557077884674072, 0.12844808399677277], [0.9215763211250305, -0.06165628880262375, 0.160768061876297]]","[0.7812099456787109, 0.17808064818382263, 0.2684450149536133]","[0.0, 0.0, 0.0]","[0.7812099456787109, 0.17808064818382263, 0.2684450149536133]",0.1599999964237213,False,False
1,53,True,32.52190399169922,0.0,0.7368420958518982,7.0,"[[0.9215763211250305, -0.06165628880262375, 0.160768061876297], [0.7812099456787109, 0.17808064818382263, 0.2684450149536133]]","[0.7677778601646423, -0.21640028059482574, 0.035880737006664276]","[0.0, 0.0, 0.0]","[0.7677778601646423, -0.21640028059482574, 0.035880737006664276]",0.1599999964237213,False,False
1,54,True,33.06700897216797,0.0,0.9605263471603394,17.0,"[[0.7812099456787109, 0.17808064818382263, 0.2684450149536133], [0.7677778601646423, -0.21640028059482574, 0.035880737006664276]]","[0.9989990592002869, 0.22297514975070953, -0.014527427963912487]","[0.0, 0.0, 0.0]","[0.9989990592002869, 0.22297514975070953, -0.014527427963912487]",0.17000000178813934,False,False
1,55,True,33.614261627197266,0.0,1.0789474248886108,17.0,"[[0.7677778601646423, -0.21640028059482574, 0.035880737006664276], [0.9989990592002869, 0.22297514975070953, -0.014527427963912487]]","[0.841286838054657, 0.30479392409324646, -0.2019321471452713]","[0.0, 0.0, 0.0]","[0.841286838054657, 0.30479392409324646, -0.2019321471452713]",0.17000000178813934,False,False
1,56,True,34.162864685058594,0.0,1.5526316165924072,25.0,"[[0.9989990592002869, 0.22297514975070953, -0.014527427963912487], [0.841286838054657, 0.30479392409324646, -0.2019321471452713]]","[0.8359619975090027, 0.04058593884110451, -0.0571066178381443]","[0.0, 0.0, 0.0]","[0.8359619975090027, 0.04058593884110451, -0.0571066178381443]",0.17000000178813934,False,False
1,57,True,34.71088790893555,0.0,2.1184210777282715,25.0,"[[0.841286838054657, 0.30479392409324646, -0.2019321471452713], [0.8359619975090027, 0.04058593884110451, -0.0571066178381443]]","[0.9953717589378357, 0.08950751274824142, -0.05914831906557083]","[0.0, 0.0, 0.0]","[0.9953717589378357, 0.08950751274824142, -0.05914831906557083]",0.18000000715255737,False,False
1,58,True,35.257530212402344,0.0,2.026315689086914,25.0,"[[0.8359619975090027, 0.04058593884110451, -0.0571066178381443], [0.9953717589378357, 0.08950751274824142, -0.05914831906557083]]","[0.8411625623703003, -0.011886097490787506, -0.1578601598739624]","[0.0, 0.0, 0.0]","[0.8411625623703003, -0.011886097490787506, -0.1578601598739624]",0.17000000178813934,False,False
1,59,True,35.802852630615234,0.0,2.4473683834075928,25.0,"[[0.9953717589378357, 0.08950751274824142, -0.05914831906557083], [0.8411625623703003, -0.011886097490787506, -0.1578601598739624]]","[0.9901726841926575, 0.13899177312850952, -0.20688992738723755]","[0.0, 0.0, 0.0]","[0.9901726841926575, 0.13899177312850952, -0.20688992738723755]",0.18000000715255737,False,False
1,60,True,36.34688949584961,0.0,2.0789473056793213,24.0,"[[0.8411625623703003, -0.011886097490787506, -0.1578601598739624], [0.9901726841926575, 0.13899177312850952, -0.20688992738723755]]","[0.9149118065834045, 0.022713396698236465, 0.01162989903241396]","[0.0, 0.0, 0.0]","[0.9149118065834045, 0.022713396698236465, 0.01162989903241396]",0.1899999976158142,False,False
1,61,True,36.89021682739258,0.0,1.9342105388641357,24.0,"[[0.9901726841926575, 0.13899177312850952, -0.20688992738723755], [0.9149118065834045, 0.022713396698236465, 0.01162989903241396]]","[0.9944299459457397, 0.09408952295780182, 0.12726524472236633]","[0.0, 0.0, 0.0]","[0.9944299459457397, 0.09408952295780182, 0.12726524472236633]",0.18000000715255737,False,False
1,62,True,37.434017181396484,0.0,2.3026316165924072,24.0,"[[0.9149118065834045, 0.022713396698236465, 0.01162989903241396], [0.9944299459457397, 0.09408952295780182, 0.12726524472236633]]","[0.9991018772125244, 0.16464002430438995, 0.03433922678232193]","[0.0, 0.0, 0.0]","[0.9991018772125244, 0.16464002430438995, 0.03433922678232193]",0.1899999976158142,False,False
1,63,True,37.979007720947266,0.0,1.8684210777282715,24.0,"[[0.9944299459457397, 0.09408952295780182, 0.12726524472236633], [0.9991018772125244, 0.16464002430438995, 0.03433922678232193]]","[0.9018838405609131, -0.26519718766212463, -0.10383691638708115]","[0.0, 0.0, 0.0]","[0.9018838405609131, -0.26519718766212463, -0.10383691638708115]",0.1899999976158142,False,False
1,64,True,38.525062561035156,0.0,2.263157844543457,24.0,"[[0.9991018772125244, 0.16464002430438995, 0.03433922678232193], [0.9018838405609131, -0.26519718766212463, -0.10383691638708115]]","[0.9993891716003418, 0.32223597168922424, -0.1296098679304123]","[0.0, 0.0, 0.0]","[0.9993891716003418, 0.32223597168922424, -0.1296098679304123]",0.20000000298023224,False,False
1,65,True,39.07188034057617,0.0,1.986842155456543,17.0,"[[0.9018838405609131, -0.26519718766212463, -0.10383691638708115], [0.9993891716003418, 0.32223597168922424, -0.1296098679304123]]","[0.9896013140678406, 0.23695504665374756, 0.29424628615379333]","[0.0, 0.0, 0.0]","[0.9896013140678406, 0.23695504665374756, 0.29424628615379333]",0.1899999976158142,False,False
1,66,True,39.61886215209961,0.0,1.8421052694320679,24.0,"[[0.9993891716003418, 0.32223597168922424, -0.1296098679304123], [0.9896013140678406, 0.23695504665374756, 0.29424628615379333]]","[0.9998875260353088, 0.48033571243286133, 0.10042320936918259]","[0.0, 0.0, 0.0]","[0.9998875260353088, 0.48033571243286133, 0.10042320936918259]",0.20000000298023224,False,False
1,67,True,40.16471481323242,0.0,2.1710526943206787,24.0,"[[0.9896013140678406, 0.23695504665374756, 0.29424628615379333], [0.9998875260353088, 0.48033571243286133, 0.10042320936918259]]","[0.9999699592590332, 0.15551228821277618, 0.16068017482757568]","[0.0, 0.0, 0.0]","[0.9999699592590332, 0.15551228821277618, 0.16068017482757568]",0.20000000298023224,False,False
1,68,True,40.70978546142578,0.0,1.7105263471603394,24.0,"[[0.9998875260353088, 0.48033571243286133, 0.10042320936918259], [0.9999699592590332, 0.15551228821277618, 0.16068017482757568]]","[0.9792860746383667, -0.017056167125701904, -0.056174177676439285]","[0.0, 0.0, 0.0]","[0.9792860746383667, -0.017056167125701904, -0.056174177676439285]",0.20999999344348907,False,False
1,69,True,41.2548828125,0.0,1.8421052694320679,24.0,"[[0.9999699592590332, 0.15551228821277618, 0.16068017482757568], [0.9792860746383667, -0.017056167125701904, -0.056174177676439285]]","[0.9991210103034973, 0.19863466918468475, 0.024264786392450333]","[0.0, 0.0, 0.0]","[0.9991210103034973, 0.19863466918468475, 0.024264786392450333]",0.2199999988079071,False,False
1,70,True,41.7996711730957,0.0,1.486842155456543,17.0,"[[0.9792860746383667, -0.017056167125701904, -0.056174177676439285], [0.9991210103034973, 0.19863466918468475, 0.024264786392450333]]","[0.9689391255378723, -0.09959670901298523, 0.17096419632434845]","[0.0, 0.0, 0.0]","[0.9689391255378723, -0.09959670901298523, 0.17096419632434845]",0.23000000417232513,False,False
1,71,True,42.344539642333984,0.0,1.3815789222717285,25.0,"[[0.9991210103034973, 0.19863466918468475, 0.024264786392450333], [0.9689391255378723, -0.09959670901298523, 0.17096419632434845]]","[0.9645829796791077, -0.21670983731746674, 0.07108190655708313]","[0.0, 0.0, 0.0]","[0.9645829796791077, -0.21670983731746674, 0.07108190655708313]",0.23000000417232513,False,False
1,72,True,42.889610290527344,0.0,1.7631579637527466,25.0,"[[0.9689391255378723, -0.09959670901298523, 0.17096419632434845], [0.9645829796791077, -0.21670983731746674, 0.07108190655708313]]","[0.9694560766220093, -0.05215281620621681, -0.0006976461736485362]","[0.0, 0.0, 0.0]","[0.9694560766220093, -0.05215281620621681, -0.0006976461736485362]",0.23000000417232513,False,False
1,73,True,43.4351806640625,0.0,1.486842155456543,25.0,"[[0.9645829796791077, -0.21670983731746674, 0.07108190655708313], [0.9694560766220093, -0.05215281620621681, -0.0006976461736485362]]","[0.9092608690261841, -0.20535141229629517, 0.13737799227237701]","[0.0, 0.0, 0.0]","[0.9092608690261841, -0.20535141229629517, 0.13737799227237701]",0.23000000417232513,False,False
1,74,True,43.9811897277832,0.0,1.7631579637527466,25.0,"[[0.9694560766220093, -0.05215281620621681, -0.0006976461736485362], [0.9092608690261841, -0.20535141229629517, 0.13737799227237701]]","[0.9818153381347656, -0.08244539052248001, 0.10065824538469315]","[0.0, 0.0, 0.0]","[0.9818153381347656, -0.08244539052248001, 0.10065824538469315]",0.20999999344348907,False,False
1,75,True,44.52735900878906,0.0,1.4078947305679321,19.0,"[[0.9092608690261841, -0.20535141229629517, 0.13737799227237701], [0.9818153381347656, -0.08244539052248001, 0.10065824538469315]]","[0.905479371547699, -0.11510888487100601, 0.12522780895233154]","[0.0, 0.0, 0.0]","[0.905479371547699, -0.11510888487100601, 0.12522780895233154]",0.20000000298023224,False,False
1,76,True,45.01848602294922,0.0,1.2894736528396606,24.0,"[[0.9818153381347656, -0.08244539052248001, 0.10065824538469315], [0.905479371547699, -0.11510888487100601, 0.12522780895233154]]","[0.9452853798866272, -0.15811797976493835, 0.005222910083830357]","[0.0, 0.0, 0.0]","[0.9452853798866272, -0.15811797976493835, 0.005222910083830357]",0.17000000178813934,False,False
1,77,True,45.014617919921875,0.0,1.6184210777282715,24.0,"[[0.905479371547699, -0.11510888487100601, 0.12522780895233154], [0.9452853798866272, -0.15811797976493835, 0.005222910083830357]]","[0.9781399965286255, 0.15077371895313263, 0.07001350820064545]","[0.0, 0.0, 0.0]","[0.9781399965286255, 0.15077371895313263, 0.07001350820064545]",0.15000000596046448,False,False
1,78,True,45.01186752319336,0.0,1.3815789222717285,24.0,"[[0.9452853798866272, -0.15811797976493835, 0.005222910083830357], [0.9781399965286255, 0.15077371895313263, 0.07001350820064545]]","[0.9857548475265503, -0.28672322630882263, 0.10620124638080597]","[0.0, 0.0, 0.0]","[0.9857548475265503, -0.28672322630882263, 0.10620124638080597]",0.12999999523162842,False,False
1,79,True,45.01111602783203,0.0,1.486842155456543,24.0,"[[0.9781399965286255, 0.15077371895313263, 0.07001350820064545], [0.9857548475265503, -0.28672322630882263, 0.10620124638080597]]","[0.9734102487564087, -0.16001448035240173, -0.03140059858560562]","[0.0, 0.0, 0.0]","[0.9734102487564087, -0.16001448035240173, -0.03140059858560562]",0.10000000149011612,False,False
1,80,True,45.23231887817383,0.0,1.3289474248886108,24.0,"[[0.9857548475265503, -0.28672322630882263, 0.10620124638080597], [0.9734102487564087, -0.16001448035240173, -0.03140059858560562]]","[0.9525013566017151, -0.24857911467552185, -0.10971658676862717]","[0.0, 0.0, 0.0]","[0.9525013566017151, -0.24857911467552185, -0.10971658676862717]",0.10999999940395355,False,False
1,81,True,45.784217834472656,0.0,1.3026316165924072,14.0,"[[0.9734102487564087, -0.16001448035240173, -0.03140059858560562], [0.9525013566017151, -0.24857911467552185, -0.10971658676862717]]","[0.8374249935150146, -0.6427203416824341, 0.06830763816833496]","[0.0, 0.0, 0.0]","[0.8374249935150146, -0.6427203416824341, 0.06830763816833496]",0.07999999821186066,False,False
1,82,True,46.33445739746094,0.0,1.3289474248886108,14.0,"[[0.9525013566017151, -0.24857911467552185, -0.10971658676862717], [0.8374249935150146, -0.6427203416824341, 0.06830763816833496]]","[0.8939417004585266, -0.20412033796310425, -0.009756620973348618]","[0.0, 0.0, 0.0]","[0.8939417004585266, -0.20412033796310425, -0.009756620973348618]",0.029999999329447746,False,False
1,83,True,16.333412170410156,0.0,1.0657894611358643,14.0,"[[0.8374249935150146, -0.6427203416824341, 0.06830763816833496], [0.8939417004585266, -0.20412033796310425, -0.009756620973348618]]","[0.6058882474899292, 0.0594337098300457, -0.03298883140087128]","[0.0, 0.0, 0.0]","[0.6058882474899292, 0.0594337098300457, -0.03298883140087128]",0.029999999329447746,False,False
1,84,True,12.619317054748535,0.0,2.013157844543457,18.0,"[[0.8939417004585266, -0.20412033796310425, -0.009756620973348618], [0.6058882474899292, 0.0594337098300457, -0.03298883140087128]]","[0.8805521726608276, 0.11653837561607361, 0.17852649092674255]","[0.0, 0.0, 0.0]","[0.8805521726608276, 0.11653837561607361, 0.17852649092674255]",0.03999999910593033,False,False
1,85,True,9.055558204650879,0.0,2.263157844543457,21.0,"[[0.6058882474899292, 0.0594337098300457, -0.03298883140087128], [0.8805521726608276, 0.11653837561607361, 0.17852649092674255]]","[0.9957305788993835, 0.11575845628976822, -0.22213663160800934]","[0.0, 0.0, 0.0]","[0.9957305788993835, 0.11575845628976822, -0.22213663160800934]",0.019999999552965164,False,False
1,86,True,6.211346626281738,0.0,2.473684310913086,21.0,"[[0.8805521726608276, 0.11653837561607361, 0.17852649092674255], [0.9957305788993835, 0.11575845628976822, -0.22213663160800934]]","[0.8614320158958435, 0.2542135715484619, 0.09801875054836273]","[0.0, 0.0, 0.0]","[0.8614320158958435, 0.2542135715484619, 0.09801875054836273]",0.019999999552965164,False,False
1,87,True,3.3263795375823975,0.0,3.1315789222717285,21.0,"[[0.9957305788993835, 0.11575845628976822, -0.22213663160800934], [0.8614320158958435, 0.2542135715484619, 0.09801875054836273]]","[0.9745392203330994, 0.10132905095815659, -0.02058340422809124]","[0.0, 0.0, 0.0]","[0.9745392203330994, 0.10132905095815659, -0.02058340422809124]",0.0,False,False
1,88,True,1.2028592824935913,0.0,2.6710526943206787,21.0,"[[0.8614320158958435, 0.2542135715484619, 0.09801875054836273], [0.9745392203330994, 0.10132905095815659, -0.02058340422809124]]","[0.9233393669128418, 0.004791272338479757, 0.4079546332359314]","[0.0, 0.0, 0.0]","[0.9233393669128418, 0.004791272338479757, 0.4079546332359314]",0.0,False,False
1,89,True,0.7651107907295227,0.0,2.723684310913086,21.0,"[[0.9745392203330994, 0.10132905095815659, -0.02058340422809124], [0.9233393669128418, 0.004791272338479757, 0.4079546332359314]]","[0.8041003346443176, 0.27314507961273193, 0.3288503885269165]","[0.0, 0.0, 0.0]","[0.8041003346443176, 0.27314507961273193, 0.3288503885269165]",0.0,False,False
1,90,True,0.6101716756820679,0.0,3.0,21.0,"[[0.9233393669128418, 0.004791272338479757, 0.4079546332359314], [0.8041003346443176, 0.27314507961273193, 0.3288503885269165]]","[0.4039132595062256, -0.04441245645284653, 0.6775050163269043]","[0.0, 0.0, 0.0]","[0.4039132595062256, -0.04441245645284653, 0.6775050163269043]",0.0,False,False
1,91,True,0.8164879679679871,0.0,3.0657894611358643,21.0,"[[0.8041003346443176, 0.27314507961273193, 0.3288503885269165], [0.4039132595062256, -0.04441245645284653, 0.6775050163269043]]","[0.45011579990386963, 0.16600702702999115, 0.6857073307037354]","[0.0, 0.0, 0.0]","[0.45011579990386963, 0.16600702702999115, 0.6857073307037354]",0.0,False,False
1,92,True,1.1224656105041504,0.0,2.736842155456543,19.0,"[[0.4039132595062256, -0.04441245645284653, 0.6775050163269043], [0.45011579990386963, 0.16600702702999115, 0.6857073307037354]]","[0.6640323400497437, -0.11345803737640381, 0.4367247521877289]","[0.0, 0.0, 0.0]","[0.6640323400497437, -0.11345803737640381, 0.4367247521877289]",0.0,False,False
1,93,True,0.471436083316803,0.0,2.3684210777282715,14.0,"[[0.45011579990386963, 0.16600702702999115, 0.6857073307037354], [0.6640323400497437, -0.11345803737640381, 0.4367247521877289]]","[0.241842582821846, 0.09624490141868591, 0.24325145781040192]","[0.0, 0.0, 0.0]","[0.241842582821846, 0.09624490141868591, 0.24325145781040192]",0.0,False,False
1,94,True,0.6488877534866333,0.0,2.03947377204895,12.0,"[[0.6640323400497437, -0.11345803737640381, 0.4367247521877289], [0.241842582821846, 0.09624490141868591, 0.24325145781040192]]","[0.5673695206642151, 0.012742534279823303, 0.21579065918922424]","[0.0, 0.0, 0.0]","[0.5673695206642151, 0.012742534279823303, 0.21579065918922424]",0.0,False,False
1,95,True,0.5538377165794373,0.0,1.7236841917037964,11.0,"[[0.241842582821846, 0.09624490141868591, 0.24325145781040192], [0.5673695206642151, 0.012742534279823303, 0.21579065918922424]]","[0.6207787990570068, -0.11918962746858597, -0.01716046780347824]","[0.0, 0.0, 0.0]","[0.6207787990570068, -0.11918962746858597, -0.01716046780347824]",0.0,False,False
1,96,True,0.1594489961862564,0.0,1.644736886024475,10.0,"[[0.5673695206642151, 0.012742534279823303, 0.21579065918922424], [0.6207787990570068, -0.11918962746858597, -0.01716046780347824]]","[0.989247739315033, 0.1062057614326477, -0.2753183841705322]","[0.0, 0.0, 0.0]","[0.989247739315033, 0.1062057614326477, -0.2753183841705322]",0.0,False,False
1,97,True,0.05556569993495941,0.0,1.6315789222717285,9.0,"[[0.6207787990570068, -0.11918962746858597, -0.01716046780347824], [0.989247739315033, 0.1062057614326477, -0.2753183841705322]]","[0.9995924830436707, 0.11790137737989426, -0.32540521025657654]","[0.0, 0.0, 0.0]","[0.9995924830436707, 0.11790137737989426, -0.32540521025657654]",0.0,True,False
2,0,True,0.008531032130122185,0.0,1.6315789222717285,9.0,"[[0.0, 0.0, 0.0], [0.0, 0.0, 0.0]]","[0.6047013998031616, -0.028600359335541725, -0.2630860209465027]","[0.0, 0.0, 0.0]","[0.6047013998031616, -0.028600359335541725, -0.2630860209465027]",0.0,False,False
2,1,True,0.008162269368767738,0.0,1.6315789222717285,9.0,"[[0.0, 0.0, 0.0], [0.6047013998031616, -0.028600359335541725, -0.2630860209465027]]","[0.9405202269554138, 0.06757719069719315, -0.2845807373523712]","[0.0, 0.0, 0.0]","[0.9405202269554138, 0.06757719069719315, -0.2845807373523712]",0.0,False,False
2,2,True,0.008218778297305107,0.0,1.6315789222717285,9.0,"[[0.6047013998031616, -0.028600359335541725, -0.2630860209465027], [0.9405202269554138, 0.06757719069719315, -0.2845807373523712]]","[0.9993404150009155, 0.08860969543457031, -0.28220614790916443]","[0.0, 0.0, 0.0]","[0.9993404150009155, 0.08860969543457031, -0.28220614790916443]",0.0,False,False
2,3,True,0.44705283641815186,0.0,1.6315789222717285,9.0,"[[0.9405202269554138, 0.06757719069719315, -0.2845807373523712], [0.9993404150009155, 0.08860969543457031, -0.28220614790916443]]","[0.9998543858528137, 0.043248794972896576, -0.24411261081695557]","[0.0, 0.0, 0.0]","[0.9998543858528137, 0.043248794972896576, -0.24411261081695557]",0.0,False,False
2,4,True,1.0828595161437988,0.0,2.03947377204895,24.0,"[[0.9993404150009155, 0.08860969543457031, -0.28220614790916443], [0.9998543858528137, 0.043248794972896576, -0.24411261081695557]]","[0.9674029350280762, -0.1643853783607483, -0.20308929681777954]","[0.0, 0.0, 0.0]","[0.9674029350280762, -0.1643853783607483, -0.20308929681777954]",0.0,False,False
2,5,True,2.0338943004608154,0.0,2.25,24.0,"[[0.9998543858528137, 0.043248794972896576, -0.24411261081695557], [0.9674029350280762, -0.1643853783607483, -0.20308929681777954]]","[0.8709213733673096, -0.07206219434738159, -0.5659195184707642]","[0.0, 0.0, 0.0]","[0.8709213733673096, -0.07206219434738159, -0.5659195184707642]",0.0,False,False
2,6,True,2.664649724960327,0.0,2.8552632331848145,24.0,"[[0.9674029350280762, -0.1643853783607483, -0.20308929681777954], [0.8709213733673096, -0.07206219434738159, -0.5659195184707642]]","[0.8532043695449829, -0.027651196345686913, 0.022464949637651443]","[0.0, 0.0, 0.0]","[0.8532043695449829, -0.027651196345686913, 0.022464949637651443]",0.0,False,False
2,7,True,3.5879034996032715,0.0,3.276315927505493,24.0,"[[0.8709213733673096, -0.07206219434738159, -0.5659195184707642], [0.8532043695449829, -0.027651196345686913, 0.022464949637651443]]","[0.9863429665565491, -0.0752759501338005, 0.005775510333478451]","[0.0, 0.0, 0.0]","[0.9863429665565491, -0.0752759501338005, 0.005775510333478451]",0.009999999776482582,False,False
2,8,True,4.18968391418457,0.0,3.263157844543457,24.0,"[[0.8532043695449829, -0.027651196345686913, 0.022464949637651443], [0.9863429665565491, -0.0752759501338005, 0.005775510333478451]]","[0.9483281970024109, -0.10582669824361801, 0.032227564603090286]","[0.0, 0.0, 0.0]","[0.9483281970024109, -0.10582669824361801, 0.032227564603090286]",0.019999999552965164,False,False
2,9,True,5.130144119262695,0.0,3.8684210777282715,25.0,"[[0.9863429665565491, -0.0752759501338005, 0.005775510333478451], [0.9483281970024109, -0.10582669824361801, 0.032227564603090286]]","[0.9976558089256287, 0.11978456377983093, -0.09547297656536102]","[0.0, 0.0, 0.0]","[0.9976558089256287, 0.11978456377983093, -0.09547297656536102]",0.029999999329447746,False,False
2,10,True,5.75923490524292,0.0,3.9473683834075928,25.0,"[[0.9483281970024109, -0.10582669824361801, 0.032227564603090286], [0.9976558089256287, 0.11978456377983093, -0.09547297656536102]]","[0.8677201271057129, 0.038219112902879715, -0.13685792684555054]","[0.0, 0.0, 0.0]","[0.8677201271057129, 0.038219112902879715, -0.13685792684555054]",0.029999999329447746,False,False
2,11,True,6.7059807777404785,0.0,4.0789475440979,25.0,"[[0.9976558089256287, 0.11978456377983093, -0.09547297656536102], [0.8677201271057129, 0.038219112902879715, -0.13685792684555054]]","[0.9964234232902527, -0.13487590849399567, -0.3005583584308624]","[0.0, 0.0, 0.0]","[0.9964234232902527, -0.13487590849399567, -0.3005583584308624]",0.029999999329447746,False,False
2,12,True,7.339329242706299,0.0,4.342105388641357,25.0,"[[0.8677201271057129, 0.038219112902879715, -0.13685792684555054], [0.9964234232902527, -0.13487590849399567, -0.3005583584308624]]","[0.9999444484710693, 0.12357784807682037, -0.4180048406124115]","[0.0, 0.0, 0.0]","[0.9999444484710693, 0.12357784807682037, -0.4180048406124115]",0.05000000074505806,False,False
2,13,True,8.287992477416992,0.0,4.1315789222717285,22.0,"[[0.9964234232902527, -0.13487590849399567, -0.3005583584308624], [0.9999444484710693, 0.12357784807682037, -0.4180048406124115]]","[0.9464775323867798, -0.21406108140945435, -0.1282654106616974]","[0.0, 0.0, 0.0]","[0.9464775323867798, -0.21406108140945435, -0.1282654106616974]",0.029999999329447746,False,False
2,14,True,8.917398452758789,0.0,3.9473683834075928,24.0,"[[0.9999444484710693, 0.12357784807682037, -0.4180048406124115], [0.9464775323867798, -0.21406108140945435, -0.1282654106616974]]","[0.9999997019767761, 0.10615047067403793, -0.30269303917884827]","[0.0, 0.0, 0.0]","[0.9999997019767761, 0.10615047067403793, -0.30269303917884827]",0.05999999865889549,False,False
2,15,True,9.860228538513184,0.0,3.8552632331848145,24.0,"[[0.9464775323867798, -0.21406108140945435, -0.1282654106616974], [0.9999997019767761, 0.10615047067403793, -0.30269303917884827]]","[0.9992380142211914, -0.0728137344121933, 0.1338682770729065]","[0.0, 0.0, 0.0]","[0.9992380142211914, -0.0728137344121933, 0.1338682770729065]",0.03999999910593033,False,False
2,16,True,10.490880012512207,0.0,3.3815789222717285,24.0,"[[0.9999997019767761, 0.10615047067403793, -0.30269303917884827], [0.9992380142211914, -0.0728137344121933, 0.1338682770729065]]","[0.9594951272010803, -0.15800271928310394, 0.011512873694300652]","[0.0, 0.0, 0.0]","[0.9594951272010803, -0.15800271928310394, 0.011512873694300652]",0.05999999865889549,False,False
2,17,True,11.434135437011719,0.0,3.21052622795105,24.0,"[[0.9992380142211914, -0.0728137344121933, 0.1338682770729065], [0.9594951272010803, -0.15800271928310394, 0.011512873694300652]]","[0.9658297896385193, 0.36274969577789307, -0.08650358766317368]","[0.0, 0.0, 0.0]","[0.9658297896385193, 0.36274969577789307, -0.08650358766317368]",0.05000000074505806,False,False
2,18,True,12.064167976379395,0.0,3.0526316165924072,21.0,"[[0.9594951272010803, -0.15800271928310394, 0.011512873694300652], [0.9658297896385193, 0.36274969577789307, -0.08650358766317368]]","[0.9993906617164612, 0.112886443734169, -0.02001124992966652]","[0.0, 0.0, 0.0]","[0.9993906617164612, 0.112886443734169, -0.02001124992966652]",0.07000000029802322,False,False
2,19,True,13.00978946685791,0.0,3.03947377204895,21.0,"[[0.9658297896385193, 0.36274969577789307, -0.08650358766317368], [0.9993906617164612, 0.112886443734169, -0.02001124992966652]]","[0.9530740976333618, 0.05617017671465874, 0.05506649613380432]","[0.0, 0.0, 0.0]","[0.9530740976333618, 0.05617017671465874, 0.05506649613380432]",0.05999999865889549,False,False
2,20,True,13.641144752502441,0.0,3.1710526943206787,21.0,"[[0.9993906617164612, 0.112886443734169, -0.02001124992966652], [0.9530740976333618, 0.05617017671465874, 0.05506649613380432]]","[0.9480145573616028, -0.08859243243932724, -0.06989997625350952]","[0.0, 0.0, 0.0]","[0.9480145573616028, -0.08859243243932724, -0.06989997625350952]",0.07999999821186066,False,False
2,21,True,14.590057373046875,0.0,3.25,24.0,"[[0.9530740976333618, 0.05617017671465874, 0.05506649613380432], [0.9480145573616028, -0.08859243243932724, -0.06989997625350952]]","[0.9999985694885254, 0.12095063179731369, -0.25433310866355896]","[0.0, 0.0, 0.0]","[0.9999985694885254, 0.12095063179731369, -0.25433310866355896]",0.05999999865889549,False,False
2,22,True,15.22375774383545,0.0,3.5789473056793213,26.0,"[[0.9480145573616028, -0.08859243243932724, -0.06989997625350952], [0.9999985694885254, 0.12095063179731369, -0.25433310866355896]]","[0.993117094039917, -0.016837459057569504, -0.06053704768419266]","[0.0, 0.0, 0.0]","[0.993117094039917, -0.016837459057569504, -0.06053704768419266]",0.09000000357627869,False,False
2,23,True,16.173667907714844,0.0,3.3289473056793213,26.0,"[[0.9999985694885254, 0.12095063179731369, -0.25433310866355896], [0.993117094039917, -0.016837459057569504, -0.06053704768419266]]","[0.9958723783493042, 0.14056862890720367, 0.013728374615311623]","[0.0, 0.0, 0.0]","[0.9958723783493042, 0.14056862890720367, 0.013728374615311623]",0.07000000029802322,False,False
2,24,True,16.80641746520996,0.0,3.5921053886413574,26.0,"[[0.993117094039917, -0.016837459057569504, -0.06053704768419266], [0.9958723783493042, 0.14056862890720367, 0.013728374615311623]]","[0.991068422794342, -0.023169539868831635, 0.02387828938663006]","[0.0, 0.0, 0.0]","[0.991068422794342, -0.023169539868831635, 0.02387828938663006]",0.07999999821186066,False,False
2,25,True,17.59795379638672,0.0,3.5526316165924072,26.0,"[[0.9958723783493042, 0.14056862890720367, 0.013728374615311623], [0.991068422794342, -0.023169539868831635, 0.02387828938663006]]","[0.9631780385971069, 0.07537790387868881, 0.012083493173122406]","[0.0, 0.0, 0.0]","[0.9631780385971069, 0.07537790387868881, 0.012083493173122406]",0.09000000357627869,False,False
2,26,True,18.388269424438477,0.0,3.46052622795105,21.0,"[[0.991068422794342, -0.023169539868831635, 0.02387828938663006], [0.9631780385971069, 0.07537790387868881, 0.012083493173122406]]","[0.9283595681190491, 0.07301674783229828, -0.032529257237911224]","[0.0, 0.0, 0.0]","[0.9283595681190491, 0.07301674783229828, -0.032529257237911224]",0.11999999731779099,False,False
2,27,True,19.335357666015625,0.0,3.71052622795105,21.0,"[[0.9631780385971069, 0.07537790387868881, 0.012083493173122406], [0.9283595681190491, 0.07301674783229828, -0.032529257237911224]]","[0.9429517388343811, -0.17072568833827972, -0.12884357571601868]","[0.0, 0.0, 0.0]","[0.9429517388343811, -0.17072568833827972, -0.12884357571601868]",0.07000000029802322,False,False
2,28,True,19.966402053833008,0.0,3.526315927505493,21.0,"[[0.9283595681190491, 0.07301674783229828, -0.032529257237911224], [0.9429517388343811, -0.17072568833827972, -0.12884357571601868]]","[0.9979764819145203, 0.03740096464753151, -0.00019475817680358887]","[0.0, 0.0, 0.0]","[0.9979764819145203, 0.03740096464753151, -0.00019475817680358887]",0.11999999731779099,False,False
2,29,True,20.913198471069336,0.0,3.9210526943206787,26.0,"[[0.9429517388343811, -0.17072568833827972, -0.12884357571601868], [0.9979764819145203, 0.03740096464753151, -0.00019475817680358887]]","[0.9600628614425659, 0.017428681254386902, 0.010158230550587177]","[0.0, 0.0, 0.0]","[0.9600628614425659, 0.017428681254386902, 0.010158230550587177]",0.09000000357627869,False,False
2,30,True,21.54492950439453,0.0,3.736842155456543,26.0,"[[0.9979764819145203, 0.03740096464753151, -0.00019475817680358887], [0.9600628614425659, 0.017428681254386902, 0.010158230550587177]]","[0.979514479637146, 0.13157889246940613, 0.045246027410030365]","[0.0, 0.0, 0.0]","[0.979514479637146, 0.13157889246940613, 0.045246027410030365]",0.10999999940395355,False,False
2,31,True,22.335386276245117,0.0,3.986842155456543,26.0,"[[0.9600628614425659, 0.017428681254386902, 0.010158230550587177], [0.979514479637146, 0.13157889246940613, 0.045246027410030365]]","[0.9922245740890503, 0.04075121134519577, -0.13821521401405334]","[0.0, 0.0, 0.0]","[0.9922245740890503, 0.04075121134519577, -0.13821521401405334]",0.10999999940395355,False,False
2,32,True,23.12652587890625,0.0,4.197368621826172,26.0,"[[0.979514479637146, 0.13157889246940613, 0.045246027410030365], [0.9922245740890503, 0.04075121134519577, -0.13821521401405334]]","[0.9876225590705872, 0.023637790232896805, 0.167610764503479]","[0.0, 0.0, 0.0]","[0.9876225590705872, 0.023637790232896805, 0.167610764503479]",0.14000000059604645,False,False
2,33,True,24.076139450073242,0.0,4.039473533630371,21.0,"[[0.9922245740890503, 0.04075121134519577, -0.13821521401405334], [0.9876225590705872, 0.023637790232896805, 0.167610764503479]]","[0.9343498349189758, 0.10898507386445999, 0.16462427377700806]","[0.0, 0.0, 0.0]","[0.9343498349189758, 0.10898507386445999, 0.16462427377700806]",0.10000000149011612,False,False
2,34,True,24.708906173706055,0.0,4.684210777282715,24.0,"[[0.9876225590705872, 0.023637790232896805, 0.167610764503479], [0.9343498349189758, 0.10898507386445999, 0.16462427377700806]]","[0.9957830905914307, -0.25131750106811523, 0.013027423061430454]","[0.0, 0.0, 0.0]","[0.9957830905914307, -0.25131750106811523, 0.013027423061430454]",0.15000000596046448,False,False
2,35,True,25.657268524169922,0.0,4.6447367668151855,24.0,"[[0.9343498349189758, 0.10898507386445999, 0.16462427377700806], [0.9957830905914307, -0.25131750106811523, 0.013027423061430454]]","[0.9997471570968628, -0.1678919792175293, 0.06905177980661392]","[0.0, 0.0, 0.0]","[0.9997471570968628, -0.1678919792175293, 0.06905177980661392]",0.10000000149011612,False,False
2,36,True,26.288999557495117,0.0,4.842105388641357,26.0,"[[0.9957830905914307, -0.25131750106811523, 0.013027423061430454], [0.9997471570968628, -0.1678919792175293, 0.06905177980661392]]","[0.9999379515647888, -0.005902450066059828, -0.2007470428943634]","[0.0, 0.0, 0.0]","[0.9999379515647888, -0.005902450066059828, -0.2007470428943634]",0.12999999523162842,False,False
2,37,True,27.078351974487305,0.0,4.460526466369629,26.0,"[[0.9997471570968628, -0.1678919792175293, 0.06905177980661392], [0.9999379515647888, -0.005902450066059828, -0.2007470428943634]]","[0.9878266453742981, -0.048380207270383835, -0.01350620947778225]","[0.0, 0.0, 0.0]","[0.9878266453742981, -0.048380207270383835, -0.01350620947778225]",0.14000000059604645,False,False
2,38,True,27.867277145385742,0.0,3.8026316165924072,26.0,"[[0.9999379515647888, -0.005902450066059828, -0.2007470428943634], [0.9878266453742981, -0.048380207270383835, -0.01350620947778225]]","[0.9967644810676575, -0.0003931941173505038, 0.05244835093617439]","[0.0, 0.0, 0.0]","[0.9967644810676575, -0.0003931941173505038, 0.05244835093617439]",0.14000000059604645,False,False
2,39,True,28.286046981811523,0.0,3.1710526943206787,26.0,"[[0.9878266453742981, -0.048380207270383835, -0.01350620947778225], [0.9967644810676575, -0.0003931941173505038, 0.05244835093617439]]","[0.8778185844421387, 0.08287655562162399, 0.37845394015312195]","[0.0, 0.0, 0.0]","[0.8778185844421387, 0.08287655562162399, 0.37845394015312195]",0.14000000059604645,False,False
2,40,True,28.275907516479492,0.0,2.3947367668151855,11.0,"[[0.9967644810676575, -0.0003931941173505038, 0.05244835093617439], [0.8778185844421387, 0.08287655562162399, 0.37845394015312195]]","[0.7687750458717346, 0.26326045393943787, 0.07271389663219452]","[0.0, 0.0, 0.0]","[0.7687750458717346, 0.26326045393943787, 0.07271389663219452]",0.17000000178813934,False,False
2,41,True,28.264915466308594,0.0,2.1184210777282715,11.0,"[[0.8778185844421387, 0.08287655562162399, 0.37845394015312195], [0.7687750458717346, 0.26326045393943787, 0.07271389663219452]]","[0.8056988716125488, -0.1353135108947754, -0.005897833500057459]","[0.0, 0.0, 0.0]","[0.8056988716125488, -0.1353135108947754, -0.005897833500057459]",0.10999999940395355,False,False
2,42,True,28.259370803833008,0.0,1.7105263471603394,9.0,"[[0.7687750458717346, 0.26326045393943787, 0.07271389663219452], [0.8056988716125488, -0.1353135108947754, -0.005897833500057459]]","[0.8969699144363403, 0.05283500626683235, 0.0820985808968544]","[0.0, 0.0, 0.0]","[0.8969699144363403, 0.05283500626683235, 0.0820985808968544]",0.17000000178813934,False,False
2,43,True,28.258468627929688,0.0,1.6842105388641357,9.0,"[[0.8056988716125488, -0.1353135108947754, -0.005897833500057459], [0.8969699144363403, 0.05283500626683235, 0.0820985808968544]]","[0.8225769400596619, -0.16374273598194122, 0.15755949914455414]","[0.0, 0.0, 0.0]","[0.8225769400596619, -0.16374273598194122, 0.15755949914455414]",0.10999999940395355,False,False
2,44,True,28.259885787963867,0.0,1.6710526943206787,10.0,"[[0.8969699144363403, 0.05283500626683235, 0.0820985808968544], [0.8225769400596619, -0.16374273598194122, 0.15755949914455414]]","[0.8392690420150757, -0.23765312135219574, 0.24208830296993256]","[0.0, 0.0, 0.0]","[0.8392690420150757, -0.23765312135219574, 0.24208830296993256]",0.15000000596046448,False,False
2,45,True,28.59329605102539,0.0,1.6315789222717285,10.0,"[[0.8225769400596619, -0.16374273598194122, 0.15755949914455414], [0.8392690420150757, -0.23765312135219574, 0.24208830296993256]]","[0.7637507915496826, -0.09544097632169724, 0.10179299116134644]","[0.0, 0.0, 0.0]","[0.7637507915496826, -0.09544097632169724, 0.10179299116134644]",0.14000000059604645,False,False
2,46,True,29.146696090698242,0.0,1.8289474248886108,14.0,"[[0.8392690420150757, -0.23765312135219574, 0.24208830296993256], [0.7637507915496826, -0.09544097632169724, 0.10179299116134644]]","[0.9654712677001953, -0.02918940596282482, 0.06514138728380203]","[0.0, 0.0, 0.0]","[0.9654712677001953, -0.02918940596282482, 0.06514138728380203]",0.15000000596046448,False,False
2,47,True,29.69736099243164,0.0,1.9078947305679321,14.0,"[[0.7637507915496826, -0.09544097632169724, 0.10179299116134644], [0.9654712677001953, -0.02918940596282482, 0.06514138728380203]]","[0.8311108350753784, 0.11673060059547424, -0.11552578955888748]","[0.0, 0.0, 0.0]","[0.8311108350753784, 0.11673060059547424, -0.11552578955888748]",0.15000000596046448,False,False
2,48,True,30.244020462036133,0.0,2.1184210777282715,14.0,"[[0.9654712677001953, -0.02918940596282482, 0.06514138728380203], [0.8311108350753784, 0.11673060059547424, -0.11552578955888748]]","[0.8374310731887817, 0.10644500702619553, -0.12032335251569748]","[0.0, 0.0, 0.0]","[0.8374310731887817, 0.10644500702619553, -0.12032335251569748]",0.18000000715255737,False,False
2,49,True,30.894927978515625,0.0,1.8815789222717285,14.0,"[[0.8311108350753784, 0.11673060059547424, -0.11552578955888748], [0.8374310731887817, 0.10644500702619553, -0.12032335251569748]]","[0.9975786805152893, -0.2827466130256653, 0.09056060016155243]","[0.0, 0.0, 0.0]","[0.9975786805152893, -0.2827466130256653, 0.09056060016155243]",0.11999999731779099,False,False
2,50,True,31.32719612121582,0.0,1.8157894611358643,25.0,"[[0.8374310731887817, 0.10644500702619553, -0.12032335251569748], [0.9975786805152893, -0.2827466130256653, 0.09056060016155243]]","[0.9987055659294128, -0.13547784090042114, -0.04011243209242821]","[0.0, 0.0, 0.0]","[0.9987055659294128, -0.13547784090042114, -0.04011243209242821]",0.1899999976158142,False,False
2,51,True,31.975967407226562,0.0,1.9078947305679321,25.0,"[[0.9975786805152893, -0.2827466130256653, 0.09056060016155243], [0.9987055659294128, -0.13547784090042114, -0.04011243209242821]]","[0.9986037611961365, 0.47720715403556824, 0.013107383623719215]","[0.0, 0.0, 0.0]","[0.9986037611961365, 0.47720715403556824, 0.013107383623719215]",0.12999999523162842,False,False
2,52,True,32.41017532348633,0.0,1.4605263471603394,25.0,"[[0.9987055659294128, -0.13547784090042114, -0.04011243209242821], [0.9986037611961365, 0.47720715403556824, 0.013107383623719215]]","[0.9295363426208496, 0.284328430891037, -0.30787163972854614]","[0.0, 0.0, 0.0]","[0.9295363426208496, 0.284328430891037, -0.30787163972854614]",0.20000000298023224,False,False
2,53,True,33.06501388549805,0.0,1.6973683834075928,25.0,"[[0.9986037611961365, 0.47720715403556824, 0.013107383623719215], [0.9295363426208496, 0.284328430891037, -0.30787163972854614]]","[0.9983904361724854, 0.0889817625284195, 0.20345722138881683]","[0.0, 0.0, 0.0]","[0.9983904361724854, 0.0889817625284195, 0.20345722138881683]",0.12999999523162842,False,False
2,54,True,33.50330352783203,0.0,1.4736841917037964,19.0,"[[0.9295363426208496, 0.284328430891037, -0.30787163972854614], [0.9983904361724854, 0.0889817625284195, 0.20345722138881683]]","[0.946814239025116, 0.1614241898059845, 0.1637510061264038]","[0.0, 0.0, 0.0]","[0.946814239025116, 0.1614241898059845, 0.1637510061264038]",0.20000000298023224,False,False
2,55,True,34.16092300415039,0.0,1.5,24.0,"[[0.9983904361724854, 0.0889817625284195, 0.20345722138881683], [0.946814239025116, 0.1614241898059845, 0.1637510061264038]]","[0.920225203037262, -0.16963952779769897, -0.03376518562436104]","[0.0, 0.0, 0.0]","[0.920225203037262, -0.16963952779769897, -0.03376518562436104]",0.14000000059604645,False,False
2,56,True,34.59975051879883,0.0,2.0,24.0,"[[0.946814239025116, 0.1614241898059845, 0.1637510061264038], [0.920225203037262, -0.16963952779769897, -0.03376518562436104]]","[0.9661881923675537, 0.10297040641307831, -0.09038793295621872]","[0.0, 0.0, 0.0]","[0.9661881923675537, 0.10297040641307831, -0.09038793295621872]",0.20999999344348907,False,False
2,57,True,35.25642013549805,0.0,1.8684210777282715,24.0,"[[0.920225203037262, -0.16963952779769897, -0.03376518562436104], [0.9661881923675537, 0.10297040641307831, -0.09038793295621872]]","[0.8626766204833984, 0.03702281042933464, -0.17322735488414764]","[0.0, 0.0, 0.0]","[0.8626766204833984, 0.03702281042933464, -0.17322735488414764]",0.14000000059604645,False,False
2,58,True,35.692684173583984,0.0,2.1052632331848145,24.0,"[[0.9661881923675537, 0.10297040641307831, -0.09038793295621872], [0.8626766204833984, 0.03702281042933464, -0.17322735488414764]]","[0.9910996556282043, -0.20342667400836945, -0.0359807014465332]","[0.0, 0.0, 0.0]","[0.9910996556282043, -0.20342667400836945, -0.0359807014465332]",0.2199999988079071,False,False
2,59,True,36.34516906738281,0.0,1.7894736528396606,17.0,"[[0.8626766204833984, 0.03702281042933464, -0.17322735488414764], [0.9910996556282043, -0.20342667400836945, -0.0359807014465332]]","[0.9223073720932007, -0.06449591368436813, -0.07492000609636307]","[0.0, 0.0, 0.0]","[0.9223073720932007, -0.06449591368436813, -0.07492000609636307]",0.14000000059604645,False,False
2,60,True,36.77964782714844,0.0,1.7105263471603394,24.0,"[[0.9910996556282043, -0.20342667400836945, -0.0359807014465332], [0.9223073720932007, -0.06449591368436813, -0.07492000609636307]]","[0.9780757427215576, 0.08966561406850815, 0.05918952450156212]","[0.0, 0.0, 0.0]","[0.9780757427215576, 0.08966561406850815, 0.05918952450156212]",0.2199999988079071,False,False
2,61,True,37.43216323852539,0.0,2.1052632331848145,24.0,"[[0.9223073720932007, -0.06449591368436813, -0.07492000609636307], [0.9780757427215576, 0.08966561406850815, 0.05918952450156212]]","[0.9921340942382812, 0.1255098134279251, -0.05203426256775856]","[0.0, 0.0, 0.0]","[0.9921340942382812, 0.1255098134279251, -0.05203426256775856]",0.1599999964237213,False,False
2,62,True,37.86806869506836,0.0,1.8684210777282715,24.0,"[[0.9780757427215576, 0.08966561406850815, 0.05918952450156212], [0.9921340942382812, 0.1255098134279251, -0.05203426256775856]]","[0.9016607999801636, -0.26539960503578186, -0.1009063869714737]","[0.0, 0.0, 0.0]","[0.9016607999801636, -0.26539960503578186, -0.1009063869714737]",0.2199999988079071,False,False
2,63,True,38.5234375,0.0,2.1052632331848145,24.0,"[[0.9921340942382812, 0.1255098134279251, -0.05203426256775856], [0.9016607999801636, -0.26539960503578186, -0.1009063869714737]]","[0.9991980195045471, 0.1009044498205185, -0.02724384516477585]","[0.0, 0.0, 0.0]","[0.9991980195045471, 0.1009044498205185, -0.02724384516477585]",0.1599999964237213,False,False
2,64,True,38.96107864379883,0.0,1.7236841917037964,17.0,"[[0.9016607999801636, -0.26539960503578186, -0.1009063869714737], [0.9991980195045471, 0.1009044498205185, -0.02724384516477585]]","[0.9609295725822449, -0.02246745303273201, 0.09954158961772919]","[0.0, 0.0, 0.0]","[0.9609295725822449, -0.02246745303273201, 0.09954158961772919]",0.23000000417232513,False,False
2,65,True,39.6177864074707,0.0,1.5789474248886108,24.0,"[[0.9991980195045471, 0.1009044498205185, -0.02724384516477585], [0.9609295725822449, -0.02246745303273201, 0.09954158961772919]]","[0.9995497465133667, 0.5471514463424683, 0.14462611079216003]","[0.0, 0.0, 0.0]","[0.9995497465133667, 0.5471514463424683, 0.14462611079216003]",0.1599999964237213,False,False
2,66,True,40.05527877807617,0.0,1.9078947305679321,24.0,"[[0.9609295725822449, -0.02246745303273201, 0.09954158961772919], [0.9995497465133667, 0.5471514463424683, 0.14462611079216003]]","[0.9989723563194275, 0.22308149933815002, 0.015109431929886341]","[0.0, 0.0, 0.0]","[0.9989723563194275, 0.22308149933815002, 0.015109431929886341]",0.23999999463558197,False,False
2,67,True,40.71051788330078,0.0,1.605263113975525,24.0,"[[0.9995497465133667, 0.5471514463424683, 0.14462611079216003], [0.9989723563194275, 0.22308149933815002, 0.015109431929886341]]","[0.9494272470474243, 0.06928694993257523, -0.05599631369113922]","[0.0, 0.0, 0.0]","[0.9494272470474243, 0.06928694993257523, -0.05599631369113922]",0.17000000178813934,False,False
2,68,True,41.14667892456055,0.0,1.8421052694320679,24.0,"[[0.9989723563194275, 0.22308149933815002, 0.015109431929886341], [0.9494272470474243, 0.06928694993257523, -0.05599631369113922]]","[0.9991782903671265, 0.19420309364795685, 0.01852419599890709]","[0.0, 0.0, 0.0]","[0.9991782903671265, 0.19420309364795685, 0.01852419599890709]",0.27000001072883606,False,False
2,69,True,41.800384521484375,0.0,1.486842155456543,17.0,"[[0.9494272470474243, 0.06928694993257523, -0.05599631369113922], [0.9991782903671265, 0.19420309364795685, 0.01852419599890709]]","[0.9691042900085449, -0.10357571393251419, 0.16498111188411713]","[0.0, 0.0, 0.0]","[0.9691042900085449, -0.10357571393251419, 0.16498111188411713]",0.1899999976158142,False,False
2,70,True,42.23611831665039,0.0,1.3684210777282715,24.0,"[[0.9991782903671265, 0.19420309364795685, 0.01852419599890709], [0.9691042900085449, -0.10357571393251419, 0.16498111188411713]]","[0.9638528227806091, -0.2098989188671112, 0.07611701637506485]","[0.0, 0.0, 0.0]","[0.9638528227806091, -0.2098989188671112, 0.07611701637506485]",0.3100000023841858,False,False
2,71,True,42.89002990722656,0.0,1.7236841917037964,24.0,"[[0.9691042900085449, -0.10357571393251419, 0.16498111188411713], [0.9638528227806091, -0.2098989188671112, 0.07611701637506485]]","[0.9688356518745422, -0.03811958432197571, 0.010932695120573044]","[0.0, 0.0, 0.0]","[0.9688356518745422, -0.03811958432197571, 0.010932695120573044]",0.1899999976158142,False,False
2,72,True,43.32638168334961,0.0,1.4473683834075928,24.0,"[[0.9638528227806091, -0.2098989188671112, 0.07611701637506485], [0.9688356518745422, -0.03811958432197571, 0.010932695120573044]]","[0.9074307680130005, -0.20553213357925415, 0.14937447011470795]","[0.0, 0.0, 0.0]","[0.9074307680130005, -0.20553213357925415, 0.14937447011470795]",0.30000001192092896,False,False
2,73,True,43.98163604736328,0.0,1.6842105388641357,24.0,"[[0.9688356518745422, -0.03811958432197571, 0.010932695120573044], [0.9074307680130005, -0.20553213357925415, 0.14937447011470795]]","[0.9782891273498535, -0.08329082280397415, 0.07936099916696548]","[0.0, 0.0, 0.0]","[0.9782891273498535, -0.08329082280397415, 0.07936099916696548]",0.1899999976158142,False,False
2,74,True,44.41868209838867,0.0,1.5921052694320679,17.0,"[[0.9074307680130005, -0.20553213357925415, 0.14937447011470795], [0.9782891273498535, -0.08329082280397415, 0.07936099916696548]]","[0.9347847700119019, -0.40545767545700073, -0.18151827156543732]","[0.0, 0.0, 0.0]","[0.9347847700119019, -0.40545767545700073, -0.18151827156543732]",0.25,False,False
2,75,True,45.019222259521484,0.0,1.1842105388641357,17.0,"[[0.9782891273498535, -0.08329082280397415, 0.07936099916696548], [0.9347847700119019, -0.40545767545700073, -0.18151827156543732]]","[0.9535818696022034, -0.14503833651542664, 0.4426232576370239]","[0.0, 0.0, 0.0]","[0.9535818696022034, -0.14503833651542664, 0.4426232576370239]",0.15000000596046448,False,False
2,76,True,45.016117095947266,0.0,1.5131579637527466,24.0,"[[0.9347847700119019, -0.40545767545700073, -0.18151827156543732], [0.9535818696022034, -0.14503833651542664, 0.4426232576370239]]","[0.9433950781822205, -0.3905862867832184, -0.10063784569501877]","[0.0, 0.0, 0.0]","[0.9433950781822205, -0.3905862867832184, -0.10063784569501877]",0.1599999964237213,False,False
2,77,True,45.01229476928711,0.0,1.3157894611358643,24.0,"[[0.9535818696022034, -0.14503833651542664, 0.4426232576370239], [0.9433950781822205, -0.3905862867832184, -0.10063784569501877]]","[0.9524960517883301, -0.08111301809549332, 0.014459392055869102]","[0.0, 0.0, 0.0]","[0.9524960517883301, -0.08111301809549332, 0.014459392055869102]",0.12999999523162842,False,False
2,78,True,45.00739669799805,0.0,1.1710526943206787,24.0,"[[0.9433950781822205, -0.3905862867832184, -0.10063784569501877], [0.9524960517883301, -0.08111301809549332, 0.014459392055869102]]","[0.9563755393028259, -0.4416484236717224, 0.1301172822713852]","[0.0, 0.0, 0.0]","[0.9563755393028259, -0.4416484236717224, 0.1301172822713852]",0.11999999731779099,False,False
2,79,True,45.117950439453125,0.0,1.3421052694320679,24.0,"[[0.9524960517883301, -0.08111301809549332, 0.014459392055869102], [0.9563755393028259, -0.4416484236717224, 0.1301172822713852]]","[0.9521438479423523, -0.24308890104293823, -0.10238003730773926]","[0.0, 0.0, 0.0]","[0.9521438479423523, -0.24308890104293823, -0.10238003730773926]",0.09000000357627869,False,False
2,80,True,45.669551849365234,0.0,1.1578947305679321,9.0,"[[0.9563755393028259, -0.4416484236717224, 0.1301172822713852], [0.9521438479423523, -0.24308890104293823, -0.10238003730773926]]","[0.8007336258888245, -0.7456420660018921, 0.03673599660396576]","[0.0, 0.0, 0.0]","[0.8007336258888245, -0.7456420660018921, 0.03673599660396576]",0.09000000357627869,False,False
2,81,True,46.32987594604492,0.0,1.1710526943206787,9.0,"[[0.9521438479423523, -0.24308890104293823, -0.10238003730773926], [0.8007336258888245, -0.7456420660018921, 0.03673599660396576]]","[0.7985553741455078, -0.822197675704956, 0.01961738057434559]","[0.0, 0.0, 0.0]","[0.7985553741455078, -0.822197675704956, 0.01961738057434559]",0.03999999910593033,False,False
2,82,True,19.648704528808594,0.0,6.9210524559021,71.0,"[[0.8007336258888245, -0.7456420660018921, 0.03673599660396576], [0.7985553741455078, -0.822197675704956, 0.01961738057434559]]","[0.9960102438926697, 0.22074268758296967, 0.9755808711051941]","[0.0, 0.0, 0.0]","[0.9960102438926697, 0.22074268758296967, 0.9755808711051941]",0.019999999552965164,False,False
2,83,True,8.106033325195312,0.0,6.5789475440979,71.0,"[[0.7985553741455078, -0.822197675704956, 0.01961738057434559], [0.9960102438926697, 0.22074268758296967, 0.9755808711051941]]","[0.9968886971473694, 0.0008160516736097634, 0.847214937210083]","[0.0, 0.0, 0.0]","[0.9968886971473694, 0.0008160516736097634, 0.847214937210083]",0.0,False,False
2,84,True,0.7086614966392517,0.0,6.776315689086914,71.0,"[[0.9960102438926697, 0.22074268758296967, 0.9755808711051941], [0.9968886971473694, 0.0008160516736097634, 0.847214937210083]]","[0.9299602508544922, -0.35170459747314453, 0.8961639404296875]","[0.0, 0.0, 0.0]","[0.9299602508544922, -0.35170459747314453, 0.8961639404296875]",0.009999999776482582,False,False
2,85,True,1.1109619140625,0.0,7.302631855010986,71.0,"[[0.9968886971473694, 0.0008160516736097634, 0.847214937210083], [0.9299602508544922, -0.35170459747314453, 0.8961639404296875]]","[0.9557913541793823, -0.4528658390045166, -0.04760953411459923]","[0.0, 0.0, 0.0]","[0.9557913541793823, -0.4528658390045166, -0.04760953411459923]",0.0,False,False
2,86,True,1.410319447517395,0.0,1.7894736528396606,23.0,"[[0.9299602508544922, -0.35170459747314453, 0.8961639404296875], [0.9557913541793823, -0.4528658390045166, -0.04760953411459923]]","[0.641082763671875, -0.16256538033485413, 0.16329187154769897]","[0.0, 0.0, 0.0]","[0.641082763671875, -0.16256538033485413, 0.16329187154769897]",0.0,False,False
2,87,True,0.5657410025596619,0.0,2.3552632331848145,23.0,"[[0.9557913541793823, -0.4528658390045166, -0.04760953411459923], [0.641082763671875, -0.16256538033485413, 0.16329187154769897]]","[0.48940470814704895, 0.03348104655742645, 0.44999945163726807]","[0.0, 0.0, 0.0]","[0.48940470814704895, 0.03348104655742645, 0.44999945163726807]",0.0,False,False
2,88,True,0.5072331428527832,0.0,2.3815789222717285,23.0,"[[0.641082763671875, -0.16256538033485413, 0.16329187154769897], [0.48940470814704895, 0.03348104655742645, 0.44999945163726807]]","[0.7225938439369202, -0.14924995601177216, 0.44343429803848267]","[0.0, 0.0, 0.0]","[0.7225938439369202, -0.14924995601177216, 0.44343429803848267]",0.0,False,False
2,89,True,0.6907721161842346,0.0,2.0789473056793213,17.0,"[[0.48940470814704895, 0.03348104655742645, 0.44999945163726807], [0.7225938439369202, -0.14924995601177216, 0.44343429803848267]]","[0.45175930857658386, -0.1099020466208458, 0.3720288872718811]","[0.0, 0.0, 0.0]","[0.45175930857658386, -0.1099020466208458, 0.3720288872718811]",0.0,False,False
2,90,True,0.36966457962989807,0.0,1.986842155456543,16.0,"[[0.7225938439369202, -0.14924995601177216, 0.44343429803848267], [0.45175930857658386, -0.1099020466208458, 0.3720288872718811]]","[0.6255927085876465, -0.1409110277891159, 0.21229100227355957]","[0.0, 0.0, 0.0]","[0.6255927085876465, -0.1409110277891159, 0.21229100227355957]",0.0,False,False
2,91,True,0.21098457276821136,0.0,1.8157894611358643,15.0,"[[0.45175930857658386, -0.1099020466208458, 0.3720288872718811], [0.6255927085876465, -0.1409110277891159, 0.21229100227355957]]","[0.6874161958694458, -0.16649359464645386, 0.04478571191430092]","[0.0, 0.0, 0.0]","[0.6874161958694458, -0.16649359464645386, 0.04478571191430092]",0.0,False,False
2,92,True,0.1819358766078949,0.0,1.7631579637527466,11.0,"[[0.6255927085876465, -0.1409110277891159, 0.21229100227355957], [0.6874161958694458, -0.16649359464645386, 0.04478571191430092]]","[0.4815481901168823, -0.26047125458717346, 0.2238774448633194]","[0.0, 0.0, 0.0]","[0.4815481901168823, -0.26047125458717346, 0.2238774448633194]",0.0,False,False
2,93,True,0.1764182299375534,0.0,1.6842105388641357,9.0,"[[0.6874161958694458, -0.16649359464645386, 0.04478571191430092], [0.4815481901168823, -0.26047125458717346, 0.2238774448633194]]","[0.43404194712638855, 0.07032657414674759, -0.4525274336338043]","[0.0, 0.0, 0.0]","[0.43404194712638855, 0.07032657414674759, -0.4525274336338043]",0.0,False,False
2,94,True,0.13356466591358185,0.0,1.7763158082962036,9.0,"[[0.4815481901168823, -0.26047125458717346, 0.2238774448633194], [0.43404194712638855, 0.07032657414674759, -0.4525274336338043]]","[0.21657967567443848, -0.5508691072463989, 0.17300499975681305]","[0.0, 0.0, 0.0]","[0.21657967567443848, -0.5508691072463989, 0.17300499975681305]",0.0,False,False
2,95,True,0.037197984755039215,0.0,1.8815789222717285,9.0,"[[0.43404194712638855, 0.07032657414674759, -0.4525274336338043], [0.21657967567443848, -0.5508691072463989, 0.17300499975681305]]","[0.5361579060554504, 0.07965889573097229, 0.2220529168844223]","[0.0, 0.0, 0.0]","[0.5361579060554504, 0.07965889573097229, 0.2220529168844223]",0.0,True,False
3,0,True,0.008173467591404915,0.0,1.6315789222717285,9.0,"[[0.0, 0.0, 0.0], [0.0, 0.0, 0.0]]","[0.6047065854072571, -0.02859579585492611, -0.2630958557128906]","[0.0, 0.0, 0.0]","[0.6047065854072571, -0.02859579585492611, -0.2630958557128906]",0.0,False,False
3,1,True,0.008162269368767738,0.0,1.6315789222717285,9.0,"[[0.0, 0.0, 0.0], [0.6047065854072571, -0.02859579585492611, -0.2630958557128906]]","[0.9405261278152466, 0.06757883727550507, -0.28458231687545776]","[0.0, 0.0, 0.0]","[0.9405261278152466, 0.06757883727550507, -0.28458231687545776]",0.0,False,False
3,2,True,0.008502043783664703,0.0,1.6315789222717285,9.0,"[[0.6047065854072571, -0.02859579585492611, -0.2630958557128906], [0.9405261278152466, 0.06757883727550507, -0.28458231687545776]]","[0.9993404150009155, 0.08860524743795395, -0.28219690918922424]","[0.0, 0.0, 0.0]","[0.9993404150009155, 0.08860524743795395, -0.28219690918922424]",0.0,False,False
3,3,True,0.2878275513648987,0.0,1.6315789222717285,9.0,"[[0.9405261278152466, 0.06757883727550507, -0.28458231687545776], [0.9993404150009155, 0.08860524743795395, -0.28219690918922424]]","[0.9998683929443359, 0.0454658642411232, -0.2502124309539795]","[0.0, 0.0, 0.0]","[0.9998683929443359, 0.0454658642411232, -0.2502124309539795]",0.0,False,False
3,4,True,1.0829845666885376,0.0,2.03947377204895,24.0,"[[0.9993404150009155, 0.08860524743795395, -0.28219690918922424], [0.9998683929443359, 0.0454658642411232, -0.2502124309539795]]","[0.9674628376960754, -0.16435237228870392, -0.2026190161705017]","[0.0, 0.0, 0.0]","[0.9674628376960754, -0.16435237228870392, -0.2026190161705017]",0.0,False,False
3,5,True,1.8756145238876343,0.0,2.25,24.0,"[[0.9998683929443359, 0.0454658642411232, -0.2502124309539795], [0.9674628376960754, -0.16435237228870392, -0.2026190161705017]]","[0.8708125352859497, -0.07206446677446365, -0.566691517829895]","[0.0, 0.0, 0.0]","[0.8708125352859497, -0.07206446677446365, -0.566691517829895]",0.0,False,False
3,6,True,2.664745807647705,0.0,2.8552632331848145,24.0,"[[0.9674628376960754, -0.16435237228870392, -0.2026190161705017], [0.8708125352859497, -0.07206446677446365, -0.566691517829895]]","[0.8531975746154785, -0.02766881138086319, 0.022450027987360954]","[0.0, 0.0, 0.0]","[0.8531975746154785, -0.02766881138086319, 0.022450027987360954]",0.0,False,False
3,7,True,3.438702344894409,0.0,3.276315927505493,24.0,"[[0.8708125352859497, -0.07206446677446365, -0.566691517829895], [0.8531975746154785, -0.02766881138086319, 0.022450027987360954]]","[0.9865151047706604, -0.07520783692598343, 0.00600134814158082]","[0.0, 0.0, 0.0]","[0.9865151047706604, -0.07520783692598343, 0.00600134814158082]",0.009999999776482582,False,False
3,8,True,4.196115493774414,0.0,3.4473683834075928,26.0,"[[0.8531975746154785, -0.02766881138086319, 0.022450027987360954], [0.9865151047706604, -0.07520783692598343, 0.00600134814158082]]","[0.959409773349762, 0.1059654951095581, -0.14859746396541595]","[0.0, 0.0, 0.0]","[0.959409773349762, 0.1059654951095581, -0.14859746396541595]",0.019999999552965164,False,False
3,9,True,4.98060417175293,0.0,3.3421053886413574,26.0,"[[0.9865151047706604, -0.07520783692598343, 0.00600134814158082], [0.959409773349762, 0.1059654951095581, -0.14859746396541595]]","[0.9984997510910034, 0.0025945405941456556, -0.21077139675617218]","[0.0, 0.0, 0.0]","[0.9984997510910034, 0.0025945405941456556, -0.21077139675617218]",0.029999999329447746,False,False
3,10,True,5.7665863037109375,0.0,3.4078948497772217,26.0,"[[0.959409773349762, 0.1059654951095581, -0.14859746396541595], [0.9984997510910034, 0.0025945405941456556, -0.21077139675617218]]","[0.9979473352432251, -0.12345808744430542, 0.09252343326807022]","[0.0, 0.0, 0.0]","[0.9979473352432251, -0.12345808744430542, 0.09252343326807022]",0.029999999329447746,False,False
3,11,True,6.55427360534668,0.0,3.526315927505493,26.0,"[[0.9984997510910034, 0.0025945405941456556, -0.21077139675617218], [0.9979473352432251, -0.12345808744430542, 0.09252343326807022]]","[0.8710024356842041, -0.052575066685676575, -0.0035877334885299206]","[0.0, 0.0, 0.0]","[0.8710024356842041, -0.052575066685676575, -0.0035877334885299206]",0.029999999329447746,False,False
3,12,True,7.3445940017700195,0.0,3.6052632331848145,21.0,"[[0.9979473352432251, -0.12345808744430542, 0.09252343326807022], [0.8710024356842041, -0.052575066685676575, -0.0035877334885299206]]","[0.9814735651016235, 0.08272337168455124, -0.10216932743787766]","[0.0, 0.0, 0.0]","[0.9814735651016235, 0.08272337168455124, -0.10216932743787766]",0.03999999910593033,False,False
3,13,True,8.138068199157715,0.0,4.039473533630371,21.0,"[[0.8710024356842041, -0.052575066685676575, -0.0035877334885299206], [0.9814735651016235, 0.08272337168455124, -0.10216932743787766]]","[0.9552193880081177, -0.24378740787506104, -0.11223256587982178]","[0.0, 0.0, 0.0]","[0.9552193880081177, -0.24378740787506104, -0.11223256587982178]",0.03999999910593033,False,False
3,14,True,8.931946754455566,0.0,3.5526316165924072,21.0,"[[0.9814735651016235, 0.08272337168455124, -0.10216932743787766], [0.9552193880081177, -0.24378740787506104, -0.11223256587982178]]","[0.9999701976776123, 0.1120627373456955, -0.2594602108001709]","[0.0, 0.0, 0.0]","[0.9999701976776123, 0.1120627373456955, -0.2594602108001709]",0.05000000074505806,False,False
3,15,True,9.724541664123535,0.0,3.486842155456543,22.0,"[[0.9552193880081177, -0.24378740787506104, -0.11223256587982178], [0.9999701976776123, 0.1120627373456955, -0.2594602108001709]]","[0.9938956499099731, -0.07032369822263718, -0.35948848724365234]","[0.0, 0.0, 0.0]","[0.9938956499099731, -0.07032369822263718, -0.35948848724365234]",0.05000000074505806,False,False
3,16,True,10.513540267944336,0.0,3.013157844543457,22.0,"[[0.9999701976776123, 0.1120627373456955, -0.2594602108001709], [0.9938956499099731, -0.07032369822263718, -0.35948848724365234]]","[0.9905489087104797, 0.06064540892839432, -0.0188220776617527]","[0.0, 0.0, 0.0]","[0.9905489087104797, 0.06064540892839432, -0.0188220776617527]",0.05000000074505806,False,False
3,17,True,11.297372817993164,0.0,2.9078948497772217,22.0,"[[0.9938956499099731, -0.07032369822263718, -0.35948848724365234], [0.9905489087104797, 0.06064540892839432, -0.0188220776617527]]","[0.8913866281509399, 0.2597968578338623, -0.17239321768283844]","[0.0, 0.0, 0.0]","[0.8913866281509399, 0.2597968578338623, -0.17239321768283844]",0.05999999865889549,False,False
3,18,True,12.080170631408691,0.0,3.0657894611358643,22.0,"[[0.9905489087104797, 0.06064540892839432, -0.0188220776617527], [0.8913866281509399, 0.2597968578338623, -0.17239321768283844]]","[0.9993981122970581, 0.11958958953619003, -0.029697492718696594]","[0.0, 0.0, 0.0]","[0.9993981122970581, 0.11958958953619003, -0.029697492718696594]",0.05999999865889549,False,False
3,19,True,12.867179870605469,0.0,3.03947377204895,21.0,"[[0.8913866281509399, 0.2597968578338623, -0.17239321768283844], [0.9993981122970581, 0.11958958953619003, -0.029697492718696594]]","[0.9532612562179565, 0.052189603447914124, 0.05547404661774635]","[0.0, 0.0, 0.0]","[0.9532612562179565, 0.052189603447914124, 0.05547404661774635]",0.07000000029802322,False,False
3,20,True,13.655400276184082,0.0,3.6315789222717285,24.0,"[[0.9993981122970581, 0.11958958953619003, -0.029697492718696594], [0.9532612562179565, 0.052189603447914124, 0.05547404661774635]]","[0.9955006837844849, 0.01376349851489067, 0.01735125668346882]","[0.0, 0.0, 0.0]","[0.9955006837844849, 0.01376349851489067, 0.01735125668346882]",0.07000000029802322,False,False
3,21,True,14.445630073547363,0.0,3.71052622795105,24.0,"[[0.9532612562179565, 0.052189603447914124, 0.05547404661774635], [0.9955006837844849, 0.01376349851489067, 0.01735125668346882]]","[0.9999341368675232, -0.17482395470142365, 0.020559141412377357]","[0.0, 0.0, 0.0]","[0.9999341368675232, -0.17482395470142365, 0.020559141412377357]",0.07000000029802322,False,False
3,22,True,15.237503051757812,0.0,4.026315689086914,26.0,"[[0.9955006837844849, 0.01376349851489067, 0.01735125668346882], [0.9999341368675232, -0.17482395470142365, 0.020559141412377357]]","[0.999954879283905, -0.024484295397996902, -0.24815548956394196]","[0.0, 0.0, 0.0]","[0.999954879283905, -0.024484295397996902, -0.24815548956394196]",0.07999999821186066,False,False
3,23,True,16.03035545349121,0.0,3.776315927505493,26.0,"[[0.9999341368675232, -0.17482395470142365, 0.020559141412377357], [0.999954879283905, -0.024484295397996902, -0.24815548956394196]]","[0.9850435853004456, 0.03734523057937622, -0.15319296717643738]","[0.0, 0.0, 0.0]","[0.9850435853004456, 0.03734523057937622, -0.15319296717643738]",0.07999999821186066,False,False
3,24,True,16.822351455688477,0.0,3.5657894611358643,26.0,"[[0.999954879283905, -0.024484295397996902, -0.24815548956394196], [0.9850435853004456, 0.03734523057937622, -0.15319296717643738]]","[0.9880551099777222, -0.027381310239434242, 0.03028518334031105]","[0.0, 0.0, 0.0]","[0.9880551099777222, -0.027381310239434242, 0.03028518334031105]",0.07999999821186066,False,False
3,25,True,17.613338470458984,0.0,3.526315927505493,26.0,"[[0.9850435853004456, 0.03734523057937622, -0.15319296717643738], [0.9880551099777222, -0.027381310239434242, 0.03028518334031105]]","[0.9595600366592407, 0.07917282730340958, 0.027230942621827126]","[0.0, 0.0, 0.0]","[0.9595600366592407, 0.07917282730340958, 0.027230942621827126]",0.09000000357627869,False,False
3,26,True,18.404010772705078,0.0,3.4473683834075928,21.0,"[[0.9880551099777222, -0.027381310239434242, 0.03028518334031105], [0.9595600366592407, 0.07917282730340958, 0.027230942621827126]]","[0.9250940680503845, 0.0643504336476326, -0.0392252653837204]","[0.0, 0.0, 0.0]","[0.9250940680503845, 0.0643504336476326, -0.0392252653837204]",0.10000000149011612,False,False
3,27,True,19.193695068359375,0.0,3.6973683834075928,21.0,"[[0.9595600366592407, 0.07917282730340958, 0.027230942621827126], [0.9250940680503845, 0.0643504336476326, -0.0392252653837204]]","[0.9405527710914612, -0.1615770161151886, -0.12946771085262299]","[0.0, 0.0, 0.0]","[0.9405527710914612, -0.1615770161151886, -0.12946771085262299]",0.10000000149011612,False,False
3,28,True,19.982797622680664,0.0,3.526315927505493,21.0,"[[0.9250940680503845, 0.0643504336476326, -0.0392252653837204], [0.9405527710914612, -0.1615770161151886, -0.12946771085262299]]","[0.9979878067970276, 0.037228263914585114, -0.00018147379159927368]","[0.0, 0.0, 0.0]","[0.9979878067970276, 0.037228263914585114, -0.00018147379159927368]",0.10000000149011612,False,False
3,29,True,20.77190399169922,0.0,3.9210526943206787,26.0,"[[0.9405527710914612, -0.1615770161151886, -0.12946771085262299], [0.9979878067970276, 0.037228263914585114, -0.00018147379159927368]]","[0.960161030292511, 0.01755526289343834, 0.009305138140916824]","[0.0, 0.0, 0.0]","[0.960161030292511, 0.01755526289343834, 0.009305138140916824]",0.10000000149011612,False,False
3,30,True,21.561588287353516,0.0,3.736842155456543,26.0,"[[0.9979878067970276, 0.037228263914585114, -0.00018147379159927368], [0.960161030292511, 0.01755526289343834, 0.009305138140916824]]","[0.9794871211051941, 0.1316891312599182, 0.045500610023736954]","[0.0, 0.0, 0.0]","[0.9794871211051941, 0.1316891312599182, 0.045500610023736954]",0.10999999940395355,False,False
3,31,True,22.352121353149414,0.0,3.986842155456543,26.0,"[[0.960161030292511, 0.01755526289343834, 0.009305138140916824], [0.9794871211051941, 0.1316891312599182, 0.045500610023736954]]","[0.9922043681144714, 0.040787894278764725, -0.13808517158031464]","[0.0, 0.0, 0.0]","[0.9922043681144714, 0.040787894278764725, -0.13808517158031464]",0.10999999940395355,False,False
3,32,True,23.143386840820312,0.0,4.197368621826172,26.0,"[[0.9794871211051941, 0.1316891312599182, 0.045500610023736954], [0.9922043681144714, 0.040787894278764725, -0.13808517158031464]]","[0.9876380562782288, 0.023578137159347534, 0.1679099202156067]","[0.0, 0.0, 0.0]","[0.9876380562782288, 0.023578137159347534, 0.1679099202156067]",0.11999999731779099,False,False
3,33,True,23.93494987487793,0.0,4.039473533630371,21.0,"[[0.9922043681144714, 0.040787894278764725, -0.13808517158031464], [0.9876380562782288, 0.023578137159347534, 0.1679099202156067]]","[0.9341171383857727, 0.10973336547613144, 0.16354648768901825]","[0.0, 0.0, 0.0]","[0.9341171383857727, 0.10973336547613144, 0.16354648768901825]",0.11999999731779099,False,False
3,34,True,24.72620391845703,0.0,4.697368621826172,24.0,"[[0.9876380562782288, 0.023578137159347534, 0.1679099202156067], [0.9341171383857727, 0.10973336547613144, 0.16354648768901825]]","[0.9954057335853577, -0.2742939591407776, 0.012165356427431107]","[0.0, 0.0, 0.0]","[0.9954057335853577, -0.2742939591407776, 0.012165356427431107]",0.12999999523162842,False,False
3,35,True,25.516862869262695,0.0,4.342105388641357,24.0,"[[0.9341171383857727, 0.10973336547613144, 0.16354648768901825], [0.9954057335853577, -0.2742939591407776, 0.012165356427431107]]","[0.9990158081054688, -0.2648698091506958, 0.16763129830360413]","[0.0, 0.0, 0.0]","[0.9990158081054688, -0.2648698091506958, 0.16763129830360413]",0.11999999731779099,False,False
3,36,True,26.306867599487305,0.0,4.552631378173828,26.0,"[[0.9954057335853577, -0.2742939591407776, 0.012165356427431107], [0.9990158081054688, -0.2648698091506958, 0.16763129830360413]]","[0.9962706565856934, 0.010770248249173164, -0.13873730599880219]","[0.0, 0.0, 0.0]","[0.9962706565856934, 0.010770248249173164, -0.13873730599880219]",0.14000000059604645,False,False
3,37,True,27.09617805480957,0.0,4.1710524559021,26.0,"[[0.9990158081054688, -0.2648698091506958, 0.16763129830360413], [0.9962706565856934, 0.010770248249173164, -0.13873730599880219]]","[0.9988278150558472, -0.04547450318932533, -0.008112565614283085]","[0.0, 0.0, 0.0]","[0.9988278150558472, -0.04547450318932533, -0.008112565614283085]",0.12999999523162842,False,False
3,38,True,27.88501739501953,0.0,3.5,26.0,"[[0.9962706565856934, 0.010770248249173164, -0.13873730599880219], [0.9988278150558472, -0.04547450318932533, -0.008112565614283085]]","[0.9193460941314697, 0.4063337743282318, -0.3680984079837799]","[0.0, 0.0, 0.0]","[0.9193460941314697, 0.4063337743282318, -0.3680984079837799]",0.14000000059604645,False,False
3,39,True,28.3039493560791,0.0,3.1710526943206787,26.0,"[[0.9988278150558472, -0.04547450318932533, -0.008112565614283085], [0.9193460941314697, 0.4063337743282318, -0.3680984079837799]]","[0.9015891551971436, 0.01750923879444599, 0.35438162088394165]","[0.0, 0.0, 0.0]","[0.9015891551971436, 0.01750923879444599, 0.35438162088394165]",0.14000000059604645,False,False
3,40,True,28.292423248291016,0.0,2.3815789222717285,11.0,"[[0.9193460941314697, 0.4063337743282318, -0.3680984079837799], [0.9015891551971436, 0.01750923879444599, 0.35438162088394165]]","[0.7672620415687561, 0.23149186372756958, 0.12919043004512787]","[0.0, 0.0, 0.0]","[0.7672620415687561, 0.23149186372756958, 0.12919043004512787]",0.15000000596046448,False,False
3,41,True,28.282289505004883,0.0,2.1052632331848145,11.0,"[[0.9015891551971436, 0.01750923879444599, 0.35438162088394165], [0.7672620415687561, 0.23149186372756958, 0.12919043004512787]]","[0.7988283634185791, -0.13363133370876312, -0.008419433608651161]","[0.0, 0.0, 0.0]","[0.7988283634185791, -0.13363133370876312, -0.008419433608651161]",0.14000000059604645,False,False
3,42,True,28.276126861572266,0.0,1.6973683834075928,9.0,"[[0.7672620415687561, 0.23149186372756958, 0.12919043004512787], [0.7988283634185791, -0.13363133370876312, -0.008419433608651161]]","[0.884697437286377, 0.02019530162215233, 0.08980491012334824]","[0.0, 0.0, 0.0]","[0.884697437286377, 0.02019530162215233, 0.08980491012334824]",0.14000000059604645,False,False
3,43,True,28.27564811706543,0.0,1.6842105388641357,9.0,"[[0.7988283634185791, -0.13363133370876312, -0.008419433608651161], [0.884697437286377, 0.02019530162215233, 0.08980491012334824]]","[0.8243482112884521, -0.1624169647693634, 0.15466594696044922]","[0.0, 0.0, 0.0]","[0.8243482112884521, -0.1624169647693634, 0.15466594696044922]",0.14000000059604645,False,False
3,44,True,28.27775001525879,0.0,1.6578947305679321,9.0,"[[0.884697437286377, 0.02019530162215233, 0.08980491012334824], [0.8243482112884521, -0.1624169647693634, 0.15466594696044922]]","[0.8440116047859192, -0.24547079205513, 0.2327246069908142]","[0.0, 0.0, 0.0]","[0.8440116047859192, -0.24547079205513, 0.2327246069908142]",0.14000000059604645,False,False
3,45,True,28.611709594726562,0.0,1.6973683834075928,9.0,"[[0.8243482112884521, -0.1624169647693634, 0.15466594696044922], [0.8440116047859192, -0.24547079205513, 0.2327246069908142]]","[0.8221486210823059, 0.36395809054374695, -0.040560849010944366]","[0.0, 0.0, 0.0]","[0.8221486210823059, 0.36395809054374695, -0.040560849010944366]",0.14000000059604645,False,False
3,46,True,29.165306091308594,0.0,1.8815789222717285,14.0,"[[0.8440116047859192, -0.24547079205513, 0.2327246069908142], [0.8221486210823059, 0.36395809054374695, -0.040560849010944366]]","[0.9964683055877686, 0.11215580254793167, 0.09710170328617096]","[0.0, 0.0, 0.0]","[0.9964683055877686, 0.11215580254793167, 0.09710170328617096]",0.15000000596046448,False,False
3,47,True,29.715757369995117,0.0,1.9342105388641357,14.0,"[[0.8221486210823059, 0.36395809054374695, -0.040560849010944366], [0.9964683055877686, 0.11215580254793167, 0.09710170328617096]]","[0.8614873290061951, -0.12294951826334, -0.05480547994375229]","[0.0, 0.0, 0.0]","[0.8614873290061951, -0.12294951826334, -0.05480547994375229]",0.15000000596046448,False,False
3,48,True,30.261642456054688,0.0,2.1710526943206787,14.0,"[[0.9964683055877686, 0.11215580254793167, 0.09710170328617096], [0.8614873290061951, -0.12294951826334, -0.05480547994375229]]","[0.8487141728401184, 0.03482847288250923, -0.005387984216213226]","[0.0, 0.0, 0.0]","[0.8487141728401184, 0.03482847288250923, -0.005387984216213226]",0.15000000596046448,False,False
3,49,True,30.803659439086914,0.0,1.855263113975525,14.0,"[[0.8614873290061951, -0.12294951826334, -0.05480547994375229], [0.8487141728401184, 0.03482847288250923, -0.005387984216213226]]","[0.9954274296760559, -0.29923078417778015, 0.0713944211602211]","[0.0, 0.0, 0.0]","[0.9954274296760559, -0.29923078417778015, 0.0713944211602211]",0.1599999964237213,False,False
3,50,True,31.344148635864258,0.0,1.7894736528396606,24.0,"[[0.8487141728401184, 0.03482847288250923, -0.005387984216213226], [0.9954274296760559, -0.29923078417778015, 0.0713944211602211]]","[0.9978539943695068, -0.09320003539323807, -0.05580559000372887]","[0.0, 0.0, 0.0]","[0.9978539943695068, -0.09320003539323807, -0.05580559000372887]",0.15000000596046448,False,False
3,51,True,31.88519287109375,0.0,1.9078947305679321,24.0,"[[0.9954274296760559, -0.29923078417778015, 0.0713944211602211], [0.9978539943695068, -0.09320003539323807, -0.05580559000372887]]","[0.9978585839271545, 0.47940441966056824, 0.017629316076636314]","[0.0, 0.0, 0.0]","[0.9978585839271545, 0.47940441966056824, 0.017629316076636314]",0.1599999964237213,False,False
3,52,True,32.428466796875,0.0,1.4473683834075928,24.0,"[[0.9978539943695068, -0.09320003539323807, -0.05580559000372887], [0.9978585839271545, 0.47940441966056824, 0.017629316076636314]]","[0.9306655526161194, 0.28873777389526367, -0.31523194909095764]","[0.0, 0.0, 0.0]","[0.9306655526161194, 0.28873777389526367, -0.31523194909095764]",0.17000000178813934,False,False
3,53,True,32.974552154541016,0.0,1.8684210777282715,24.0,"[[0.9978585839271545, 0.47940441966056824, 0.017629316076636314], [0.9306655526161194, 0.28873777389526367, -0.31523194909095764]]","[0.9982343912124634, 0.09830337762832642, 0.012761451303958893]","[0.0, 0.0, 0.0]","[0.9982343912124634, 0.09830337762832642, 0.012761451303958893]",0.1599999964237213,False,False
3,54,True,33.52213668823242,0.0,1.6578947305679321,23.0,"[[0.9306655526161194, 0.28873777389526367, -0.31523194909095764], [0.9982343912124634, 0.09830337762832642, 0.012761451303958893]]","[0.9883987903594971, 0.5417066812515259, 0.2665063142776489]","[0.0, 0.0, 0.0]","[0.9883987903594971, 0.5417066812515259, 0.2665063142776489]",0.17000000178813934,False,False
3,55,True,34.06999588012695,0.0,1.6842105388641357,24.0,"[[0.9982343912124634, 0.09830337762832642, 0.012761451303958893], [0.9883987903594971, 0.5417066812515259, 0.2665063142776489]]","[0.9522683024406433, -0.1442016065120697, -0.12130621820688248]","[0.0, 0.0, 0.0]","[0.9522683024406433, -0.1442016065120697, -0.12130621820688248]",0.17000000178813934,False,False
3,56,True,34.61814880371094,0.0,2.1842105388641357,24.0,"[[0.9883987903594971, 0.5417066812515259, 0.2665063142776489], [0.9522683024406433, -0.1442016065120697, -0.12130621820688248]]","[0.9925111532211304, 0.10401887446641922, -0.043898846954107285]","[0.0, 0.0, 0.0]","[0.9925111532211304, 0.10401887446641922, -0.043898846954107285]",0.18000000715255737,False,False
3,57,True,35.164302825927734,0.0,1.8684210777282715,24.0,"[[0.9522683024406433, -0.1442016065120697, -0.12130621820688248], [0.9925111532211304, 0.10401887446641922, -0.043898846954107285]]","[0.8638805150985718, 0.04256577417254448, -0.17391888797283173]","[0.0, 0.0, 0.0]","[0.8638805150985718, 0.04256577417254448, -0.17391888797283173]",0.17000000178813934,False,False
3,58,True,35.70946502685547,0.0,2.1052632331848145,24.0,"[[0.9925111532211304, 0.10401887446641922, -0.043898846954107285], [0.8638805150985718, 0.04256577417254448, -0.17391888797283173]]","[0.9907817840576172, -0.20338191092014313, -0.03341061621904373]","[0.0, 0.0, 0.0]","[0.9907817840576172, -0.20338191092014313, -0.03341061621904373]",0.18000000715255737,False,False
3,59,True,36.25328826904297,0.0,1.894736886024475,17.0,"[[0.8638805150985718, 0.04256577417254448, -0.17391888797283173], [0.9907817840576172, -0.20338191092014313, -0.03341061621904373]]","[0.9424466490745544, 0.5023753046989441, -0.23699091374874115]","[0.0, 0.0, 0.0]","[0.9424466490745544, 0.5023753046989441, -0.23699091374874115]",0.18000000715255737,False,False
3,60,True,36.796722412109375,0.0,1.8157894611358643,24.0,"[[0.9907817840576172, -0.20338191092014313, -0.03341061621904373], [0.9424466490745544, 0.5023753046989441, -0.23699091374874115]]","[0.9934616684913635, 0.0854475125670433, 0.08043414354324341]","[0.0, 0.0, 0.0]","[0.9934616684913635, 0.0854475125670433, 0.08043414354324341]",0.1899999976158142,False,False
3,61,True,37.34044647216797,0.0,2.21052622795105,24.0,"[[0.9424466490745544, 0.5023753046989441, -0.23699091374874115], [0.9934616684913635, 0.0854475125670433, 0.08043414354324341]]","[0.9970386028289795, 0.19957777857780457, -0.07556507736444473]","[0.0, 0.0, 0.0]","[0.9970386028289795, 0.19957777857780457, -0.07556507736444473]",0.1899999976158142,False,False
3,62,True,37.88508605957031,0.0,1.9736841917037964,24.0,"[[0.9934616684913635, 0.0854475125670433, 0.08043414354324341], [0.9970386028289795, 0.19957777857780457, -0.07556507736444473]]","[0.9016395211219788, -0.014774438925087452, 0.03150003403425217]","[0.0, 0.0, 0.0]","[0.9016395211219788, -0.014774438925087452, 0.03150003403425217]",0.1899999976158142,False,False
3,63,True,38.431251525878906,0.0,2.0921053886413574,24.0,"[[0.9970386028289795, 0.19957777857780457, -0.07556507736444473], [0.9016395211219788, -0.014774438925087452, 0.03150003403425217]]","[0.9991328716278076, 0.09055622667074203, -0.008759147487580776]","[0.0, 0.0, 0.0]","[0.9991328716278076, 0.09055622667074203, -0.008759147487580776]",0.1899999976158142,False,False
3,64,True,38.97815704345703,0.0,1.8157894611358643,17.0,"[[0.9016395211219788, -0.014774438925087452, 0.03150003403425217], [0.9991328716278076, 0.09055622667074203, -0.008759147487580776]]","[0.9928550124168396, 0.0791630670428276, 0.029507823288440704]","[0.0, 0.0, 0.0]","[0.9928550124168396, 0.0791630670428276, 0.029507823288440704]",0.1899999976158142,False,False
3,65,True,39.52521514892578,0.0,1.6710526943206787,24.0,"[[0.9991328716278076, 0.09055622667074203, -0.008759147487580776], [0.9928550124168396, 0.0791630670428276, 0.029507823288440704]]","[0.9999798536300659, 0.39316996932029724, 0.07571066170930862]","[0.0, 0.0, 0.0]","[0.9999798536300659, 0.39316996932029724, 0.07571066170930862]",0.20000000298023224,False,False
3,66,True,40.071842193603516,0.0,1.986842155456543,24.0,"[[0.9928550124168396, 0.0791630670428276, 0.029507823288440704], [0.9999798536300659, 0.39316996932029724, 0.07571066170930862]]","[0.9999004006385803, 0.1508816033601761, 0.1321392059326172]","[0.0, 0.0, 0.0]","[0.9999004006385803, 0.1508816033601761, 0.1321392059326172]",0.20000000298023224,False,False
3,67,True,40.61775588989258,0.0,1.6973683834075928,24.0,"[[0.9999798536300659, 0.39316996932029724, 0.07571066170930862], [0.9999004006385803, 0.1508816033601761, 0.1321392059326172]]","[0.9827107787132263, -0.02495102398097515, -0.05807676911354065]","[0.0, 0.0, 0.0]","[0.9827107787132263, -0.02495102398097515, -0.05807676911354065]",0.20999999344348907,False,False
3,68,True,41.162967681884766,0.0,1.8289474248886108,24.0,"[[0.9999004006385803, 0.1508816033601761, 0.1321392059326172], [0.9827107787132263, -0.02495102398097515, -0.05807676911354065]]","[0.9992040991783142, 0.2000986933708191, 0.010897484607994556]","[0.0, 0.0, 0.0]","[0.9992040991783142, 0.2000986933708191, 0.010897484607994556]",0.2199999988079071,False,False
3,69,True,41.70777893066406,0.0,1.486842155456543,16.0,"[[0.9827107787132263, -0.02495102398097515, -0.05807676911354065], [0.9992040991783142, 0.2000986933708191, 0.010897484607994556]]","[0.9671623706817627, -0.0880751684308052, 0.15564240515232086]","[0.0, 0.0, 0.0]","[0.9671623706817627, -0.0880751684308052, 0.15564240515232086]",0.25,False,False
3,70,True,42.25261306762695,0.0,1.0789474248886108,9.0,"[[0.9992040991783142, 0.2000986933708191, 0.010897484607994556], [0.9671623706817627, -0.0880751684308052, 0.15564240515232086]]","[0.9712474942207336, -0.07798966765403748, 0.18120500445365906]","[0.0, 0.0, 0.0]","[0.9712474942207336, -0.07798966765403748, 0.18120500445365906]",0.27000001072883606,False,False
3,71,True,42.7977294921875,0.0,1.4342105388641357,17.0,"[[0.9671623706817627, -0.0880751684308052, 0.15564240515232086], [0.9712474942207336, -0.07798966765403748, 0.18120500445365906]]","[0.8539720773696899, -0.13878193497657776, 0.17865531146526337]","[0.0, 0.0, 0.0]","[0.8539720773696899, -0.13878193497657776, 0.17865531146526337]",0.27000001072883606,False,False
3,72,True,43.34321594238281,0.0,1.263157844543457,17.0,"[[0.9712474942207336, -0.07798966765403748, 0.18120500445365906], [0.8539720773696899, -0.13878193497657776, 0.17865531146526337]]","[0.9006211757659912, -0.25552797317504883, 0.22238148748874664]","[0.0, 0.0, 0.0]","[0.9006211757659912, -0.25552797317504883, 0.22238148748874664]",0.25999999046325684,False,False
3,73,True,43.88902282714844,0.0,1.486842155456543,17.0,"[[0.8539720773696899, -0.13878193497657776, 0.17865531146526337], [0.9006211757659912, -0.25552797317504883, 0.22238148748874664]]","[0.9417394399642944, -0.07784198224544525, 0.0828225314617157]","[0.0, 0.0, 0.0]","[0.9417394399642944, -0.07784198224544525, 0.0828225314617157]",0.25999999046325684,False,False
3,74,True,44.4348258972168,0.0,1.6973683834075928,17.0,"[[0.9006211757659912, -0.25552797317504883, 0.22238148748874664], [0.9417394399642944, -0.07784198224544525, 0.0828225314617157]]","[0.9382070302963257, -0.2999703884124756, -0.03975369781255722]","[0.0, 0.0, 0.0]","[0.9382070302963257, -0.2999703884124756, -0.03975369781255722]",0.2199999988079071,False,False
3,75,True,44.980613708496094,0.0,1.2763158082962036,17.0,"[[0.9417394399642944, -0.07784198224544525, 0.0828225314617157], [0.9382070302963257, -0.2999703884124756, -0.03975369781255722]]","[0.9418985247612, -0.08075803518295288, 0.35885563492774963]","[0.0, 0.0, 0.0]","[0.9418985247612, -0.08075803518295288, 0.35885563492774963]",0.20000000298023224,False,False
3,76,True,45.03153991699219,0.0,1.486842155456543,25.0,"[[0.9382070302963257, -0.2999703884124756, -0.03975369781255722], [0.9418985247612, -0.08075803518295288, 0.35885563492774963]]","[0.9345032572746277, -0.33161330223083496, -0.08984196931123734]","[0.0, 0.0, 0.0]","[0.9345032572746277, -0.33161330223083496, -0.08984196931123734]",0.17000000178813934,False,False
3,77,True,45.027442932128906,0.0,1.2763158082962036,25.0,"[[0.9418985247612, -0.08075803518295288, 0.35885563492774963], [0.9345032572746277, -0.33161330223083496, -0.08984196931123734]]","[0.9577938914299011, -0.07965290546417236, 0.01655716449022293]","[0.0, 0.0, 0.0]","[0.9577938914299011, -0.07965290546417236, 0.01655716449022293]",0.14000000059604645,False,False
3,78,True,45.02457046508789,0.0,1.105263113975525,25.0,"[[0.9345032572746277, -0.33161330223083496, -0.08984196931123734], [0.9577938914299011, -0.07965290546417236, 0.01655716449022293]]","[0.957694411277771, -0.4365171790122986, 0.10059632360935211]","[0.0, 0.0, 0.0]","[0.957694411277771, -0.4365171790122986, 0.10059632360935211]",0.10000000149011612,False,False
3,79,True,45.135108947753906,0.0,1.2763158082962036,25.0,"[[0.9577938914299011, -0.07965290546417236, 0.01655716449022293], [0.957694411277771, -0.4365171790122986, 0.10059632360935211]]","[0.949836015701294, -0.25712117552757263, -0.09098131209611893]","[0.0, 0.0, 0.0]","[0.949836015701294, -0.25712117552757263, -0.09098131209611893]",0.10000000149011612,False,False
3,80,True,45.686859130859375,0.0,1.105263113975525,9.0,"[[0.957694411277771, -0.4365171790122986, 0.10059632360935211], [0.949836015701294, -0.25712117552757263, -0.09098131209611893]]","[0.8071008920669556, -0.6798728704452515, 0.025902869179844856]","[0.0, 0.0, 0.0]","[0.8071008920669556, -0.6798728704452515, 0.025902869179844856]",0.07000000029802322,False,False
3,81,True,46.237525939941406,0.0,1.1315789222717285,9.0,"[[0.949836015701294, -0.25712117552757263, -0.09098131209611893], [0.8071008920669556, -0.6798728704452515, 0.025902869179844856]]","[0.7980422377586365, -0.8085364699363708, 0.02030475065112114]","[0.0, 0.0, 0.0]","[0.7980422377586365, -0.8085364699363708, 0.02030475065112114]",0.05000000074505806,False,False
3,82,True,39.04186248779297,0.0,1.6842105388641357,21.0,"[[0.8071008920669556, -0.6798728704452515, 0.025902869179844856], [0.7980422377586365, -0.8085364699363708, 0.02030475065112114]]","[0.9822246432304382, -0.3184411823749542, 0.2016618400812149]","[0.0, 0.0, 0.0]","[0.9822246432304382, -0.3184411823749542, 0.2016618400812149]",0.019999999552965164,False,False
3,83,True,10.31027603149414,0.0,1.355263113975525,21.0,"[[0.7980422377586365, -0.8085364699363708, 0.02030475065112114], [0.9822246432304382, -0.3184411823749542, 0.2016618400812149]]","[0.624152660369873, 0.550490140914917, 0.13110876083374023]","[0.0, 0.0, 0.0]","[0.624152660369873, 0.550490140914917, 0.13110876083374023]",0.009999999776482582,False,False
3,84,True,6.405426502227783,0.0,1.5263158082962036,21.0,"[[0.9822246432304382, -0.3184411823749542, 0.2016618400812149], [0.624152660369873, 0.550490140914917, 0.13110876083374023]]","[0.9372462034225464, -0.10530778765678406, -0.13408392667770386]","[0.0, 0.0, 0.0]","[0.9372462034225464, -0.10530778765678406, -0.13408392667770386]",0.019999999552965164,False,False
3,85,True,3.45076847076416,0.0,1.75,21.0,"[[0.624152660369873, 0.550490140914917, 0.13110876083374023], [0.9372462034225464, -0.10530778765678406, -0.13408392667770386]]","[0.765148937702179, 0.04471913352608681, -0.16506195068359375]","[0.0, 0.0, 0.0]","[0.765148937702179, 0.04471913352608681, -0.16506195068359375]",0.0,False,False
3,86,True,0.8020560145378113,0.0,1.6184210777282715,18.0,"[[0.9372462034225464, -0.10530778765678406, -0.13408392667770386], [0.765148937702179, 0.04471913352608681, -0.16506195068359375]]","[0.865774393081665, 0.053590741008520126, 0.08918888121843338]","[0.0, 0.0, 0.0]","[0.865774393081665, 0.053590741008520126, 0.08918888121843338]",0.0,False,False
3,87,True,0.5953302979469299,0.0,2.3552632331848145,22.0,"[[0.765148937702179, 0.04471913352608681, -0.16506195068359375], [0.865774393081665, 0.053590741008520126, 0.08918888121843338]]","[0.8107500076293945, -0.1224675327539444, 0.44775792956352234]","[0.0, 0.0, 0.0]","[0.8107500076293945, -0.1224675327539444, 0.44775792956352234]",0.0,False,False
3,88,True,0.45655906200408936,0.0,2.4342105388641357,22.0,"[[0.865774393081665, 0.053590741008520126, 0.08918888121843338], [0.8107500076293945, -0.1224675327539444, 0.44775792956352234]]","[0.6621066331863403, 0.09144572168588638, -0.010935869067907333]","[0.0, 0.0, 0.0]","[0.6621066331863403, 0.09144572168588638, -0.010935869067907333]",0.0,False,False
3,89,True,0.3882264196872711,0.0,2.5,22.0,"[[0.8107500076293945, -0.1224675327539444, 0.44775792956352234], [0.6621066331863403, 0.09144572168588638, -0.010935869067907333]]","[0.6205998659133911, 0.03505684435367584, 0.6450492143630981]","[0.0, 0.0, 0.0]","[0.6205998659133911, 0.03505684435367584, 0.6450492143630981]",0.0,False,False
3,90,True,0.4108603000640869,0.0,2.3157894611358643,22.0,"[[0.6621066331863403, 0.09144572168588638, -0.010935869067907333], [0.6205998659133911, 0.03505684435367584, 0.6450492143630981]]","[0.6668045520782471, -0.20930714905261993, 0.5650314688682556]","[0.0, 0.0, 0.0]","[0.6668045520782471, -0.20930714905261993, 0.5650314688682556]",0.0,False,False
3,91,True,0.2615467309951782,0.0,2.1184210777282715,15.0,"[[0.6205998659133911, 0.03505684435367584, 0.6450492143630981], [0.6668045520782471, -0.20930714905261993, 0.5650314688682556]]","[0.05553186312317848, 0.014846442267298698, 0.5059785842895508]","[0.0, 0.0, 0.0]","[0.05553186312317848, 0.014846442267298698, 0.5059785842895508]",0.0,False,False
3,92,True,0.24458283185958862,0.0,2.03947377204895,14.0,"[[0.6668045520782471, -0.20930714905261993, 0.5650314688682556], [0.05553186312317848, 0.014846442267298698, 0.5059785842895508]]","[0.37948963046073914, 0.07531548291444778, 0.217599555850029]","[0.0, 0.0, 0.0]","[0.37948963046073914, 0.07531548291444778, 0.217599555850029]",0.0,False,False
3,93,True,0.1868809312582016,0.0,2.013157844543457,12.0,"[[0.05553186312317848, 0.014846442267298698, 0.5059785842895508], [0.37948963046073914, 0.07531548291444778, 0.217599555850029]]","[0.33898934721946716, -0.21242927014827728, 0.11503452807664871]","[0.0, 0.0, 0.0]","[0.33898934721946716, -0.21242927014827728, 0.11503452807664871]",0.0,False,False
3,94,True,0.12525299191474915,0.0,1.9342105388641357,10.0,"[[0.37948963046073914, 0.07531548291444778, 0.217599555850029], [0.33898934721946716, -0.21242927014827728, 0.11503452807664871]]","[0.3767028748989105, -0.05961200222373009, 0.05265551432967186]","[0.0, 0.0, 0.0]","[0.3767028748989105, -0.05961200222373009, 0.05265551432967186]",0.0,False,False
3,95,True,0.039563246071338654,0.0,1.7894736528396606,9.0,"[[0.33898934721946716, -0.21242927014827728, 0.11503452807664871], [0.3767028748989105, -0.05961200222373009, 0.05265551432967186]]","[0.40242964029312134, -0.04213710501790047, 0.16592496633529663]","[0.0, 0.0, 0.0]","[0.40242964029312134, -0.04213710501790047, 0.16592496633529663]",0.0,True,False
4,0,True,0.008173467591404915,0.0,1.6315789222717285,9.0,"[[0.0, 0.0, 0.0], [0.0, 0.0, 0.0]]","[0.6047065854072571, -0.02859579585492611, -0.2630958557128906]","[0.0, 0.0, 0.0]","[0.6047065854072571, -0.02859579585492611, -0.2630958557128906]",0.0,False,False
4,1,True,0.008547144010663033,0.0,1.6315789222717285,9.0,"[[0.0, 0.0, 0.0], [0.6047065854072571, -0.02859579585492611, -0.2630958557128906]]","[0.9405179023742676, 0.06757498532533646, -0.2845728397369385]","[0.0, 0.0, 0.0]","[0.9405179023742676, 0.06757498532533646, -0.2845728397369385]",0.0,False,False
4,2,True,0.008158732205629349,0.0,1.6315789222717285,9.0,"[[0.6047065854072571, -0.02859579585492611, -0.2630958557128906], [0.9405179023742676, 0.06757498532533646, -0.2845728397369385]]","[0.9993404150009155, 0.08860954642295837, -0.2822059094905853]","[0.0, 0.0, 0.0]","[0.9993404150009155, 0.08860954642295837, -0.2822059094905853]",0.0,False,False
4,3,True,0.28779223561286926,0.0,1.6315789222717285,9.0,"[[0.9405179023742676, 0.06757498532533646, -0.2845728397369385], [0.9993404150009155, 0.08860954642295837, -0.2822059094905853]]","[0.9998683929443359, 0.04546675086021423, -0.2502163350582123]","[0.0, 0.0, 0.0]","[0.9998683929443359, 0.04546675086021423, -0.2502163350582123]",0.0,False,False
4,4,True,1.0830073356628418,0.0,2.03947377204895,24.0,"[[0.9993404150009155, 0.08860954642295837, -0.2822059094905853], [0.9998683929443359, 0.04546675086021423, -0.2502163350582123]]","[0.9674627184867859, -0.1643521934747696, -0.20261795818805695]","[0.0, 0.0, 0.0]","[0.9674627184867859, -0.1643521934747696, -0.20261795818805695]",0.0,False,False
4,5,True,1.8756357431411743,0.0,2.276315689086914,24.0,"[[0.9998683929443359, 0.04546675086021423, -0.2502163350582123], [0.9674627184867859, -0.1643521934747696, -0.20261795818805695]]","[0.8658727407455444, -0.059807661920785904, -0.5621187686920166]","[0.0, 0.0, 0.0]","[0.8658727407455444, -0.059807661920785904, -0.5621187686920166]",0.0,False,False
4,6,True,2.665252208709717,0.0,2.8815789222717285,24.0,"[[0.9674627184867859, -0.1643521934747696, -0.20261795818805695], [0.8658727407455444, -0.059807661920785904, -0.5621187686920166]]","[0.8432588577270508, -0.03873895853757858, 0.020352376624941826]","[0.0, 0.0, 0.0]","[0.8432588577270508, -0.03873895853757858, 0.020352376624941826]",0.0,False,False
4,7,True,3.439218044281006,0.0,3.3026316165924072,24.0,"[[0.8658727407455444, -0.059807661920785904, -0.5621187686920166], [0.8432588577270508, -0.03873895853757858, 0.020352376624941826]]","[0.9891687035560608, -0.1031123474240303, 0.0027234971057623625]","[0.0, 0.0, 0.0]","[0.9891687035560608, -0.1031123474240303, 0.0027234971057623625]",0.009999999776482582,False,False
4,8,True,4.203846454620361,0.0,3.473684310913086,26.0,"[[0.8432588577270508, -0.03873895853757858, 0.020352376624941826], [0.9891687035560608, -0.1031123474240303, 0.0027234971057623625]]","[0.9580389857292175, 0.10735252499580383, -0.1500895768404007]","[0.0, 0.0, 0.0]","[0.9580389857292175, 0.10735252499580383, -0.1500895768404007]",0.019999999552965164,False,False
4,9,True,4.988635063171387,0.0,3.3289473056793213,26.0,"[[0.9891687035560608, -0.1031123474240303, 0.0027234971057623625], [0.9580389857292175, 0.10735252499580383, -0.1500895768404007]]","[0.9983891248703003, -0.005614777561277151, -0.20994679629802704]","[0.0, 0.0, 0.0]","[0.9983891248703003, -0.005614777561277151, -0.20994679629802704]",0.029999999329447746,False,False
4,10,True,5.774441719055176,0.0,3.3947367668151855,26.0,"[[0.9580389857292175, 0.10735252499580383, -0.1500895768404007], [0.9983891248703003, -0.005614777561277151, -0.20994679629802704]]","[0.9976900219917297, -0.11881574243307114, 0.08826141804456711]","[0.0, 0.0, 0.0]","[0.9976900219917297, -0.11881574243307114, 0.08826141804456711]",0.029999999329447746,False,False
4,11,True,6.5620293617248535,0.0,3.5657894611358643,26.0,"[[0.9983891248703003, -0.005614777561277151, -0.20994679629802704], [0.9976900219917297, -0.11881574243307114, 0.08826141804456711]]","[0.86122727394104, -0.06781955808401108, 0.018395084887742996]","[0.0, 0.0, 0.0]","[0.86122727394104, -0.06781955808401108, 0.018395084887742996]",0.029999999329447746,False,False
4,12,True,7.352595329284668,0.0,3.6447367668151855,22.0,"[[0.9976900219917297, -0.11881574243307114, 0.08826141804456711], [0.86122727394104, -0.06781955808401108, 0.018395084887742996]]","[0.9859540462493896, 0.10123543441295624, -0.11076180636882782]","[0.0, 0.0, 0.0]","[0.9859540462493896, 0.10123543441295624, -0.11076180636882782]",0.03999999910593033,False,False
4,13,True,8.146021842956543,0.0,4.0789475440979,22.0,"[[0.86122727394104, -0.06781955808401108, 0.018395084887742996], [0.9859540462493896, 0.10123543441295624, -0.11076180636882782]]","[0.9444217681884766, -0.2534336447715759, -0.11135587096214294]","[0.0, 0.0, 0.0]","[0.9444217681884766, -0.2534336447715759, -0.11135587096214294]",0.03999999910593033,False,False
4,14,True,8.939885139465332,0.0,3.5921053886413574,22.0,"[[0.9859540462493896, 0.10123543441295624, -0.11076180636882782], [0.9444217681884766, -0.2534336447715759, -0.11135587096214294]]","[0.9999759197235107, 0.07493694126605988, -0.2235012650489807]","[0.0, 0.0, 0.0]","[0.9999759197235107, 0.07493694126605988, -0.2235012650489807]",0.03999999910593033,False,False
4,15,True,9.574134826660156,0.0,3.6578948497772217,26.0,"[[0.9444217681884766, -0.2534336447715759, -0.11135587096214294], [0.9999759197235107, 0.07493694126605988, -0.2235012650489807]]","[0.967144787311554, -0.04843823239207268, -0.10201993584632874]","[0.0, 0.0, 0.0]","[0.967144787311554, -0.04843823239207268, -0.10201993584632874]",0.05999999865889549,False,False
4,16,True,10.521771430969238,0.0,3.1842105388641357,26.0,"[[0.9999759197235107, 0.07493694126605988, -0.2235012650489807], [0.967144787311554, -0.04843823239207268, -0.10201993584632874]]","[0.997073769569397, -0.009406422264873981, -0.12828485667705536]","[0.0, 0.0, 0.0]","[0.997073769569397, -0.009406422264873981, -0.12828485667705536]",0.05000000074505806,False,False
4,17,True,11.309099197387695,0.0,3.0921053886413574,26.0,"[[0.967144787311554, -0.04843823239207268, -0.10201993584632874], [0.997073769569397, -0.009406422264873981, -0.12828485667705536]]","[0.9927135109901428, -0.09997842460870743, 0.06875280290842056]","[0.0, 0.0, 0.0]","[0.9927135109901428, -0.09997842460870743, 0.06875280290842056]",0.05999999865889549,False,False
4,18,True,12.096335411071777,0.0,3.236842155456543,26.0,"[[0.997073769569397, -0.009406422264873981, -0.12828485667705536], [0.9927135109901428, -0.09997842460870743, 0.06875280290842056]]","[0.998629093170166, -0.13991957902908325, 0.060320477932691574]","[0.0, 0.0, 0.0]","[0.998629093170166, -0.13991957902908325, 0.060320477932691574]",0.05000000074505806,False,False
4,19,True,12.72610855102539,0.0,3.03947377204895,21.0,"[[0.9927135109901428, -0.09997842460870743, 0.06875280290842056], [0.998629093170166, -0.13991957902908325, 0.060320477932691574]]","[0.9526957869529724, 0.03468354046344757, 0.05656745657324791]","[0.0, 0.0, 0.0]","[0.9526957869529724, 0.03468354046344757, 0.05656745657324791]",0.07999999821186066,False,False
4,20,True,13.671977996826172,0.0,3.6447367668151855,25.0,"[[0.998629093170166, -0.13991957902908325, 0.060320477932691574], [0.9526957869529724, 0.03468354046344757, 0.05656745657324791]]","[0.9951930642127991, 0.013627803884446621, 0.014985981397330761]","[0.0, 0.0, 0.0]","[0.9951930642127991, 0.013627803884446621, 0.014985981397330761]",0.07000000029802322,False,False
4,21,True,14.461881637573242,0.0,3.4078948497772217,25.0,"[[0.9526957869529724, 0.03468354046344757, 0.05656745657324791], [0.9951930642127991, 0.013627803884446621, 0.014985981397330761]]","[0.9991947412490845, -0.22245118021965027, -0.0052430820651352406]","[0.0, 0.0, 0.0]","[0.9991947412490845, -0.22245118021965027, -0.0052430820651352406]",0.07000000029802322,False,False
4,22,True,15.253268241882324,0.0,3.736842155456543,26.0,"[[0.9951930642127991, 0.013627803884446621, 0.014985981397330761], [0.9991947412490845, -0.22245118021965027, -0.0052430820651352406]]","[0.9946311712265015, 0.0369701087474823, -0.3154139220714569]","[0.0, 0.0, 0.0]","[0.9946311712265015, 0.0369701087474823, -0.3154139220714569]",0.07999999821186066,False,False
4,23,True,16.04551124572754,0.0,3.473684310913086,26.0,"[[0.9991947412490845, -0.22245118021965027, -0.0052430820651352406], [0.9946311712265015, 0.0369701087474823, -0.3154139220714569]]","[0.9881443381309509, 0.03444857895374298, -0.023879671469330788]","[0.0, 0.0, 0.0]","[0.9881443381309509, 0.03444857895374298, -0.023879671469330788]",0.07999999821186066,False,False
4,24,True,16.835363388061523,0.0,3.25,26.0,"[[0.9946311712265015, 0.0369701087474823, -0.3154139220714569], [0.9881443381309509, 0.03444857895374298, -0.023879671469330788]]","[0.970637321472168, -0.2074977308511734, 0.020164452493190765]","[0.0, 0.0, 0.0]","[0.970637321472168, -0.2074977308511734, 0.020164452493190765]",0.07000000029802322,False,False
4,25,True,17.466211318969727,0.0,3.526315927505493,26.0,"[[0.9881443381309509, 0.03444857895374298, -0.023879671469330788], [0.970637321472168, -0.2074977308511734, 0.020164452493190765]]","[0.9637647867202759, 0.07386766374111176, 0.01199257280677557]","[0.0, 0.0, 0.0]","[0.9637647867202759, 0.07386766374111176, 0.01199257280677557]",0.10999999940395355,False,False
4,26,True,18.414527893066406,0.0,3.4473683834075928,21.0,"[[0.970637321472168, -0.2074977308511734, 0.020164452493190765], [0.9637647867202759, 0.07386766374111176, 0.01199257280677557]]","[0.9232152104377747, 0.05807043984532356, -0.04020818695425987]","[0.0, 0.0, 0.0]","[0.9232152104377747, 0.05807043984532356, -0.04020818695425987]",0.09000000357627869,False,False
4,27,True,19.203744888305664,0.0,3.6973683834075928,21.0,"[[0.9637647867202759, 0.07386766374111176, 0.01199257280677557], [0.9232152104377747, 0.05807043984532356, -0.04020818695425987]]","[0.9404917359352112, -0.16159383952617645, -0.1296842247247696]","[0.0, 0.0, 0.0]","[0.9404917359352112, -0.16159383952617645, -0.1296842247247696]",0.10000000149011612,False,False
4,28,True,19.992572784423828,0.0,3.526315927505493,21.0,"[[0.9232152104377747, 0.05807043984532356, -0.04020818695425987], [0.9404917359352112, -0.16159383952617645, -0.1296842247247696]]","[0.9979887008666992, 0.03710586205124855, -0.00014487281441688538]","[0.0, 0.0, 0.0]","[0.9979887008666992, 0.03710586205124855, -0.00014487281441688538]",0.10000000149011612,False,False
4,29,True,20.7816104888916,0.0,3.9078948497772217,26.0,"[[0.9404917359352112, -0.16159383952617645, -0.1296842247247696], [0.9979887008666992, 0.03710586205124855, -0.00014487281441688538]]","[0.955833911895752, 0.013156512752175331, 0.014007814228534698]","[0.0, 0.0, 0.0]","[0.955833911895752, 0.013156512752175331, 0.014007814228534698]",0.10000000149011612,False,False
4,30,True,21.57142448425293,0.0,3.723684310913086,26.0,"[[0.9979887008666992, 0.03710586205124855, -0.00014487281441688538], [0.955833911895752, 0.013156512752175331, 0.014007814228534698]]","[0.983634352684021, 0.13505591452121735, 0.04362029954791069]","[0.0, 0.0, 0.0]","[0.983634352684021, 0.13505591452121735, 0.04362029954791069]",0.10999999940395355,False,False
4,31,True,22.362218856811523,0.0,3.973684310913086,26.0,"[[0.955833911895752, 0.013156512752175331, 0.014007814228534698], [0.983634352684021, 0.13505591452121735, 0.04362029954791069]]","[0.9916086196899414, 0.04397764056921005, -0.132887065410614]","[0.0, 0.0, 0.0]","[0.9916086196899414, 0.04397764056921005, -0.132887065410614]",0.11999999731779099,False,False
4,32,True,23.153806686401367,0.0,4.184210777282715,26.0,"[[0.983634352684021, 0.13505591452121735, 0.04362029954791069], [0.9916086196899414, 0.04397764056921005, -0.132887065410614]]","[0.9856657385826111, 0.02405296452343464, 0.16487012803554535]","[0.0, 0.0, 0.0]","[0.9856657385826111, 0.02405296452343464, 0.16487012803554535]",0.10999999940395355,False,False
4,33,True,23.9456729888916,0.0,4.039473533630371,21.0,"[[0.9916086196899414, 0.04397764056921005, -0.132887065410614], [0.9856657385826111, 0.02405296452343464, 0.16487012803554535]]","[0.9341481924057007, 0.10950109362602234, 0.1636439561843872]","[0.0, 0.0, 0.0]","[0.9341481924057007, 0.10950109362602234, 0.1636439561843872]",0.11999999731779099,False,False
4,34,True,24.737102508544922,0.0,4.697368621826172,24.0,"[[0.9856657385826111, 0.02405296452343464, 0.16487012803554535], [0.9341481924057007, 0.10950109362602234, 0.1636439561843872]]","[0.9954090714454651, -0.27448976039886475, 0.012239165604114532]","[0.0, 0.0, 0.0]","[0.9954090714454651, -0.27448976039886475, 0.012239165604114532]",0.12999999523162842,False,False
4,35,True,25.52782440185547,0.0,4.342105388641357,24.0,"[[0.9341481924057007, 0.10950109362602234, 0.1636439561843872], [0.9954090714454651, -0.27448976039886475, 0.012239165604114532]]","[0.999015748500824, -0.2648330330848694, 0.1680109053850174]","[0.0, 0.0, 0.0]","[0.999015748500824, -0.2648330330848694, 0.1680109053850174]",0.12999999523162842,False,False
4,36,True,26.317798614501953,0.0,4.539473533630371,26.0,"[[0.9954090714454651, -0.27448976039886475, 0.012239165604114532], [0.999015748500824, -0.2648330330848694, 0.1680109053850174]]","[0.9957216382026672, 0.014208348467946053, -0.13839948177337646]","[0.0, 0.0, 0.0]","[0.9957216382026672, 0.014208348467946053, -0.13839948177337646]",0.10000000149011612,False,False
4,37,True,26.949188232421875,0.0,4.157894611358643,26.0,"[[0.999015748500824, -0.2648330330848694, 0.1680109053850174], [0.9957216382026672, 0.014208348467946053, -0.13839948177337646]]","[0.9984281659126282, -0.04943174496293068, -0.004557682201266289]","[0.0, 0.0, 0.0]","[0.9984281659126282, -0.04943174496293068, -0.004557682201266289]",0.17000000178813934,False,False
4,38,True,27.895631790161133,0.0,3.486842155456543,26.0,"[[0.9957216382026672, 0.014208348467946053, -0.13839948177337646], [0.9984281659126282, -0.04943174496293068, -0.004557682201266289]]","[0.917895495891571, 0.427901953458786, -0.3911591172218323]","[0.0, 0.0, 0.0]","[0.917895495891571, 0.427901953458786, -0.3911591172218323]",0.14000000059604645,False,False
4,39,True,28.314435958862305,0.0,3.1710526943206787,26.0,"[[0.9984281659126282, -0.04943174496293068, -0.004557682201266289], [0.917895495891571, 0.427901953458786, -0.3911591172218323]]","[0.8842808604240417, 0.043214112520217896, 0.3510515093803406]","[0.0, 0.0, 0.0]","[0.8842808604240417, 0.043214112520217896, 0.3510515093803406]",0.14000000059604645,False,False
4,40,True,28.301820755004883,0.0,2.3947367668151855,11.0,"[[0.917895495891571, 0.427901953458786, -0.3911591172218323], [0.8842808604240417, 0.043214112520217896, 0.3510515093803406]]","[0.7879930734634399, 0.2404879629611969, 0.12066612392663956]","[0.0, 0.0, 0.0]","[0.7879930734634399, 0.2404879629611969, 0.12066612392663956]",0.14000000059604645,False,False
4,41,True,28.291393280029297,0.0,2.1052632331848145,11.0,"[[0.8842808604240417, 0.043214112520217896, 0.3510515093803406], [0.7879930734634399, 0.2404879629611969, 0.12066612392663956]]","[0.8002570271492004, -0.1288153976202011, -0.014751526527106762]","[0.0, 0.0, 0.0]","[0.8002570271492004, -0.1288153976202011, -0.014751526527106762]",0.14000000059604645,False,False
4,42,True,28.285926818847656,0.0,1.6973683834075928,8.0,"[[0.7879930734634399, 0.2404879629611969, 0.12066612392663956], [0.8002570271492004, -0.1288153976202011, -0.014751526527106762]]","[0.8932608366012573, 0.0505545400083065, 0.08082190155982971]","[0.0, 0.0, 0.0]","[0.8932608366012573, 0.0505545400083065, 0.08082190155982971]",0.10999999940395355,False,False
4,43,True,28.285593032836914,0.0,1.6710526943206787,9.0,"[[0.8002570271492004, -0.1288153976202011, -0.014751526527106762], [0.8932608366012573, 0.0505545400083065, 0.08082190155982971]]","[0.8167935609817505, -0.15385845303535461, 0.17065197229385376]","[0.0, 0.0, 0.0]","[0.8167935609817505, -0.15385845303535461, 0.17065197229385376]",0.17000000178813934,False,False
4,44,True,28.2882022857666,0.0,1.6578947305679321,9.0,"[[0.8932608366012573, 0.0505545400083065, 0.08082190155982971], [0.8167935609817505, -0.15385845303535461, 0.17065197229385376]]","[0.8374673128128052, -0.20343486964702606, 0.22070179879665375]","[0.0, 0.0, 0.0]","[0.8374673128128052, -0.20343486964702606, 0.22070179879665375]",0.15000000596046448,False,False
4,45,True,28.622303009033203,0.0,1.9473683834075928,24.0,"[[0.8167935609817505, -0.15385845303535461, 0.17065197229385376], [0.8374673128128052, -0.20343486964702606, 0.22070179879665375]]","[0.8807392716407776, -0.5697723627090454, 0.4764615297317505]","[0.0, 0.0, 0.0]","[0.8807392716407776, -0.5697723627090454, 0.4764615297317505]",0.14000000059604645,False,False
4,46,True,29.17594337463379,0.0,2.1315789222717285,24.0,"[[0.8374673128128052, -0.20343486964702606, 0.22070179879665375], [0.8807392716407776, -0.5697723627090454, 0.4764615297317505]]","[0.9880780577659607, -0.2342069298028946, -0.11983128637075424]","[0.0, 0.0, 0.0]","[0.9880780577659607, -0.2342069298028946, -0.11983128637075424]",0.15000000596046448,False,False
4,47,True,29.723974227905273,0.0,2.1842105388641357,24.0,"[[0.8807392716407776, -0.5697723627090454, 0.4764615297317505], [0.9880780577659607, -0.2342069298028946, -0.11983128637075424]]","[0.856096625328064, 0.2862584590911865, 0.016123216599225998]","[0.0, 0.0, 0.0]","[0.856096625328064, 0.2862584590911865, 0.016123216599225998]",0.15000000596046448,False,False
4,48,True,30.266550064086914,0.0,2.4078948497772217,24.0,"[[0.9880780577659607, -0.2342069298028946, -0.11983128637075424], [0.856096625328064, 0.2862584590911865, 0.016123216599225998]]","[0.9108616709709167, 0.025502918288111687, 0.13000372052192688]","[0.0, 0.0, 0.0]","[0.9108616709709167, 0.025502918288111687, 0.13000372052192688]",0.11999999731779099,False,False
4,49,True,30.700115203857422,0.0,1.855263113975525,14.0,"[[0.856096625328064, 0.2862584590911865, 0.016123216599225998], [0.9108616709709167, 0.025502918288111687, 0.13000372052192688]]","[0.9936176538467407, -0.305326908826828, 0.06761669367551804]","[0.0, 0.0, 0.0]","[0.9936176538467407, -0.305326908826828, 0.06761669367551804]",0.18000000715255737,False,False
4,50,True,31.34868812561035,0.0,1.8157894611358643,25.0,"[[0.9108616709709167, 0.025502918288111687, 0.13000372052192688], [0.9936176538467407, -0.305326908826828, 0.06761669367551804]]","[0.9971155524253845, -0.08997954428195953, -0.07925915718078613]","[0.0, 0.0, 0.0]","[0.9971155524253845, -0.08997954428195953, -0.07925915718078613]",0.12999999523162842,False,False
4,51,True,31.78143310546875,0.0,1.7236841917037964,25.0,"[[0.9936176538467407, -0.305326908826828, 0.06761669367551804], [0.9971155524253845, -0.08997954428195953, -0.07925915718078613]]","[0.9808475971221924, 0.2137799710035324, 0.07142972201108932]","[0.0, 0.0, 0.0]","[0.9808475971221924, 0.2137799710035324, 0.07142972201108932]",0.1899999976158142,False,False
4,52,True,32.43272399902344,0.0,1.2763158082962036,25.0,"[[0.9971155524253845, -0.08997954428195953, -0.07925915718078613], [0.9808475971221924, 0.2137799710035324, 0.07142972201108932]]","[0.9623345136642456, -0.24459373950958252, 0.16870051622390747]","[0.0, 0.0, 0.0]","[0.9623345136642456, -0.24459373950958252, 0.16870051622390747]",0.12999999523162842,False,False
4,53,True,32.86880874633789,0.0,1.7236841917037964,25.0,"[[0.9808475971221924, 0.2137799710035324, 0.07142972201108932], [0.9623345136642456, -0.24459373950958252, 0.16870051622390747]]","[0.9994643926620483, 0.316109836101532, -0.013152720406651497]","[0.0, 0.0, 0.0]","[0.9994643926620483, 0.316109836101532, -0.013152720406651497]",0.20000000298023224,False,False
4,54,True,33.52541732788086,0.0,1.5263158082962036,24.0,"[[0.9623345136642456, -0.24459373950958252, 0.16870051622390747], [0.9994643926620483, 0.316109836101532, -0.013152720406651497]]","[0.988044023513794, 0.06960343569517136, 0.3751794695854187]","[0.0, 0.0, 0.0]","[0.988044023513794, 0.06960343569517136, 0.3751794695854187]",0.14000000059604645,False,False
4,55,True,33.96418762207031,0.0,1.8157894611358643,25.0,"[[0.9994643926620483, 0.316109836101532, -0.013152720406651497], [0.988044023513794, 0.06960343569517136, 0.3751794695854187]]","[0.9651699066162109, -0.031120682135224342, -0.03293636068701744]","[0.0, 0.0, 0.0]","[0.9651699066162109, -0.031120682135224342, -0.03293636068701744]",0.20000000298023224,False,False
4,56,True,34.62051773071289,0.0,2.3552632331848145,25.0,"[[0.988044023513794, 0.06960343569517136, 0.3751794695854187], [0.9651699066162109, -0.031120682135224342, -0.03293636068701744]]","[0.9795868396759033, 0.07156061381101608, -0.05186571925878525]","[0.0, 0.0, 0.0]","[0.9795868396759033, 0.07156061381101608, -0.05186571925878525]",0.18000000715255737,False,False
4,57,True,35.16556930541992,0.0,2.0526316165924072,25.0,"[[0.9651699066162109, -0.031120682135224342, -0.03293636068701744], [0.9795868396759033, 0.07156061381101608, -0.05186571925878525]]","[0.8373655080795288, -0.0035523297265172005, -0.167716845870018]","[0.0, 0.0, 0.0]","[0.8373655080795288, -0.0035523297265172005, -0.167716845870018]",0.17000000178813934,False,False
4,58,True,35.71088409423828,0.0,2.3289473056793213,25.0,"[[0.9795868396759033, 0.07156061381101608, -0.05186571925878525], [0.8373655080795288, -0.0035523297265172005, -0.167716845870018]]","[0.9920979142189026, -0.09597992151975632, -0.05555100739002228]","[0.0, 0.0, 0.0]","[0.9920979142189026, -0.09597992151975632, -0.05555100739002228]",0.15000000596046448,False,False
4,59,True,36.146209716796875,0.0,1.8815789222717285,19.0,"[[0.8373655080795288, -0.0035523297265172005, -0.167716845870018], [0.9920979142189026, -0.09597992151975632, -0.05555100739002228]]","[0.8878807425498962, -0.023808814585208893, -0.056576862931251526]","[0.0, 0.0, 0.0]","[0.8878807425498962, -0.023808814585208893, -0.056576862931251526]",0.2199999988079071,False,False
4,60,True,36.79850387573242,0.0,1.6842105388641357,25.0,"[[0.9920979142189026, -0.09597992151975632, -0.05555100739002228], [0.8878807425498962, -0.023808814585208893, -0.056576862931251526]]","[0.9271931648254395, 0.0549374483525753, 0.1061626598238945]","[0.0, 0.0, 0.0]","[0.9271931648254395, 0.0549374483525753, 0.1061626598238945]",0.14000000059604645,False,False
4,61,True,37.233741760253906,0.0,1.8157894611358643,25.0,"[[0.8878807425498962, -0.023808814585208893, -0.056576862931251526], [0.9271931648254395, 0.0549374483525753, 0.1061626598238945]]","[0.9679033756256104, 0.22479499876499176, -0.04896949976682663]","[0.0, 0.0, 0.0]","[0.9679033756256104, 0.22479499876499176, -0.04896949976682663]",0.23000000417232513,False,False
4,62,True,37.88764953613281,0.0,1.5,25.0,"[[0.9271931648254395, 0.0549374483525753, 0.1061626598238945], [0.9679033756256104, 0.22479499876499176, -0.04896949976682663]]","[0.9585267305374146, 0.00475514167919755, 0.10331354290246964]","[0.0, 0.0, 0.0]","[0.9585267305374146, 0.00475514167919755, 0.10331354290246964]",0.1899999976158142,False,False
4,63,True,38.43369674682617,0.0,1.855263113975525,25.0,"[[0.9679033756256104, 0.22479499876499176, -0.04896949976682663], [0.9585267305374146, 0.00475514167919755, 0.10331354290246964]]","[0.9998473525047302, 0.16452553868293762, -0.09420009702444077]","[0.0, 0.0, 0.0]","[0.9998473525047302, 0.16452553868293762, -0.09420009702444077]",0.1899999976158142,False,False
4,64,True,38.98047637939453,0.0,1.5394736528396606,13.0,"[[0.9585267305374146, 0.00475514167919755, 0.10331354290246964], [0.9998473525047302, 0.16452553868293762, -0.09420009702444077]]","[0.9711214900016785, -0.02900753915309906, 0.2339608520269394]","[0.0, 0.0, 0.0]","[0.9711214900016785, -0.02900753915309906, 0.2339608520269394]",0.20000000298023224,False,False
4,65,True,39.52744674682617,0.0,1.6184210777282715,24.0,"[[0.9998473525047302, 0.16452553868293762, -0.09420009702444077], [0.9711214900016785, -0.02900753915309906, 0.2339608520269394]]","[0.9997124075889587, 0.46922367811203003, 0.0891960933804512]","[0.0, 0.0, 0.0]","[0.9997124075889587, 0.46922367811203003, 0.0891960933804512]",0.20000000298023224,False,False
4,66,True,40.07368850708008,0.0,1.9473683834075928,24.0,"[[0.9711214900016785, -0.02900753915309906, 0.2339608520269394], [0.9997124075889587, 0.46922367811203003, 0.0891960933804512]]","[0.9996864795684814, 0.2264300137758255, 0.014875715598464012]","[0.0, 0.0, 0.0]","[0.9996864795684814, 0.2264300137758255, 0.014875715598464012]",0.1599999964237213,False,False
4,67,True,40.51015853881836,0.0,1.605263113975525,24.0,"[[0.9997124075889587, 0.46922367811203003, 0.0891960933804512], [0.9996864795684814, 0.2264300137758255, 0.014875715598464012]]","[0.9487027525901794, 0.07908326387405396, -0.05947810783982277]","[0.0, 0.0, 0.0]","[0.9487027525901794, 0.07908326387405396, -0.05947810783982277]",0.23999999463558197,False,False
4,68,True,41.16462707519531,0.0,1.605263113975525,24.0,"[[0.9996864795684814, 0.2264300137758255, 0.014875715598464012], [0.9487027525901794, 0.07908326387405396, -0.05947810783982277]]","[0.9929603338241577, 0.28075066208839417, 0.2599581778049469]","[0.0, 0.0, 0.0]","[0.9929603338241577, 0.28075066208839417, 0.2599581778049469]",0.2199999988079071,False,False
4,69,True,41.709556579589844,0.0,1.25,17.0,"[[0.9487027525901794, 0.07908326387405396, -0.05947810783982277], [0.9929603338241577, 0.28075066208839417, 0.2599581778049469]]","[0.942714273929596, -0.16317836940288544, 0.24172739684581757]","[0.0, 0.0, 0.0]","[0.942714273929596, -0.16317836940288544, 0.24172739684581757]",0.2199999988079071,False,False
4,70,True,42.25379180908203,0.0,0.8157894611358643,7.0,"[[0.9929603338241577, 0.28075066208839417, 0.2599581778049469], [0.942714273929596, -0.16317836940288544, 0.24172739684581757]]","[0.8977770805358887, 0.10996724665164948, 0.03531966730952263]","[0.0, 0.0, 0.0]","[0.8977770805358887, 0.10996724665164948, 0.03531966730952263]",0.23000000417232513,False,False
4,71,True,42.79795455932617,0.0,0.8815789818763733,8.0,"[[0.942714273929596, -0.16317836940288544, 0.24172739684581757], [0.8977770805358887, 0.10996724665164948, 0.03531966730952263]]","[0.8398061990737915, 0.09208927303552628, 0.2993271052837372]","[0.0, 0.0, 0.0]","[0.8398061990737915, 0.09208927303552628, 0.2993271052837372]",0.2199999988079071,False,False
4,72,True,43.34282302856445,0.0,0.8421052694320679,8.0,"[[0.8977770805358887, 0.10996724665164948, 0.03531966730952263], [0.8398061990737915, 0.09208927303552628, 0.2993271052837372]]","[0.9179836511611938, -0.2783304750919342, 0.23014336824417114]","[0.0, 0.0, 0.0]","[0.9179836511611938, -0.2783304750919342, 0.23014336824417114]",0.20999999344348907,False,False
4,73,True,43.88774490356445,0.0,0.8421052694320679,8.0,"[[0.8398061990737915, 0.09208927303552628, 0.2993271052837372], [0.9179836511611938, -0.2783304750919342, 0.23014336824417114]]","[0.9276463985443115, -0.3210064172744751, 0.595664381980896]","[0.0, 0.0, 0.0]","[0.9276463985443115, -0.3210064172744751, 0.595664381980896]",0.20000000298023224,False,False
4,74,True,44.432701110839844,0.0,0.8289473652839661,8.0,"[[0.9179836511611938, -0.2783304750919342, 0.23014336824417114], [0.9276463985443115, -0.3210064172744751, 0.595664381980896]]","[0.9273584485054016, -0.04372762143611908, 0.2172529250383377]","[0.0, 0.0, 0.0]","[0.9273584485054016, -0.04372762143611908, 0.2172529250383377]",0.15000000596046448,False,False
4,75,True,44.86819839477539,0.0,0.6842105388641357,7.0,"[[0.9276463985443115, -0.3210064172744751, 0.595664381980896], [0.9273584485054016, -0.04372762143611908, 0.2172529250383377]]","[0.8904474973678589, -0.1305452287197113, 0.36265701055526733]","[0.0, 0.0, 0.0]","[0.8904474973678589, -0.1305452287197113, 0.36265701055526733]",0.20000000298023224,False,False
4,76,True,45.02132034301758,0.0,0.6447368264198303,7.0,"[[0.9273584485054016, -0.04372762143611908, 0.2172529250383377], [0.8904474973678589, -0.1305452287197113, 0.36265701055526733]]","[0.9131594896316528, -0.22352340817451477, 0.3238507807254791]","[0.0, 0.0, 0.0]","[0.9131594896316528, -0.22352340817451477, 0.3238507807254791]",0.14000000059604645,False,False
4,77,True,45.01528549194336,0.0,0.6184210777282715,7.0,"[[0.8904474973678589, -0.1305452287197113, 0.36265701055526733], [0.9131594896316528, -0.22352340817451477, 0.3238507807254791]]","[0.9214887022972107, -0.28796759247779846, 0.2987969219684601]","[0.0, 0.0, 0.0]","[0.9214887022972107, -0.28796759247779846, 0.2987969219684601]",0.11999999731779099,False,False
4,78,True,45.0105094909668,0.0,0.6710526347160339,8.0,"[[0.9131594896316528, -0.22352340817451477, 0.3238507807254791], [0.9214887022972107, -0.28796759247779846, 0.2987969219684601]]","[0.88197261095047, -0.5665005445480347, 0.07532327622175217]","[0.0, 0.0, 0.0]","[0.88197261095047, -0.5665005445480347, 0.07532327622175217]",0.10000000149011612,False,False
4,79,True,45.117610931396484,0.0,0.8157894611358643,9.0,"[[0.9214887022972107, -0.28796759247779846, 0.2987969219684601], [0.88197261095047, -0.5665005445480347, 0.07532327622175217]]","[0.7845123410224915, -0.4660134017467499, -0.057786211371421814]","[0.0, 0.0, 0.0]","[0.7845123410224915, -0.4660134017467499, -0.057786211371421814]",0.07000000029802322,False,False
4,80,True,45.666656494140625,0.0,0.9736841917037964,9.0,"[[0.88197261095047, -0.5665005445480347, 0.07532327622175217], [0.7845123410224915, -0.4660134017467499, -0.057786211371421814]]","[0.7037110328674316, -0.36980774998664856, -0.03483421728014946]","[0.0, 0.0, 0.0]","[0.7037110328674316, -0.36980774998664856, -0.03483421728014946]",0.05000000074505806,False,False
4,81,True,20.510276794433594,0.0,0.8157894611358643,9.0,"[[0.7845123410224915, -0.4660134017467499, -0.057786211371421814], [0.7037110328674316, -0.36980774998664856, -0.03483421728014946]]","[0.5749452114105225, 0.43895670771598816, 0.06608971208333969]","[0.0, 0.0, 0.0]","[0.5749452114105225, 0.43895670771598816, 0.06608971208333969]",0.03999999910593033,False,False
4,82,True,10.735186576843262,0.0,0.5921052694320679,9.0,"[[0.7037110328674316, -0.36980774998664856, -0.03483421728014946], [0.5749452114105225, 0.43895670771598816, 0.06608971208333969]]","[0.6135830879211426, 0.04402391240000725, 0.06298904865980148]","[0.0, 0.0, 0.0]","[0.6135830879211426, 0.04402391240000725, 0.06298904865980148]",0.03999999910593033,False,False
4,83,True,7.661703586578369,0.0,0.8815789818763733,21.0,"[[0.5749452114105225, 0.43895670771598816, 0.06608971208333969], [0.6135830879211426, 0.04402391240000725, 0.06298904865980148]]","[0.9688034653663635, -0.06311599165201187, -0.06745186448097229]","[0.0, 0.0, 0.0]","[0.9688034653663635, -0.06311599165201187, -0.06745186448097229]",0.019999999552965164,False,False
4,84,True,4.702964782714844,0.0,1.0394736528396606,21.0,"[[0.6135830879211426, 0.04402391240000725, 0.06298904865980148], [0.9688034653663635, -0.06311599165201187, -0.06745186448097229]]","[0.777228593826294, 0.04165087640285492, 0.051329486072063446]","[0.0, 0.0, 0.0]","[0.777228593826294, 0.04165087640285492, 0.051329486072063446]",0.009999999776482582,False,False
4,85,True,1.9607712030410767,0.0,1.6973683834075928,21.0,"[[0.9688034653663635, -0.06311599165201187, -0.06745186448097229], [0.777228593826294, 0.04165087640285492, 0.051329486072063446]]","[0.9205118417739868, 0.001463487627916038, 0.4121437668800354]","[0.0, 0.0, 0.0]","[0.9205118417739868, 0.001463487627916038, 0.4121437668800354]",0.0,False,False
4,86,True,1.6721534729003906,0.0,2.4342105388641357,22.0,"[[0.777228593826294, 0.04165087640285492, 0.051329486072063446], [0.9205118417739868, 0.001463487627916038, 0.4121437668800354]]","[0.8907196521759033, -0.033085212111473083, 0.3934643864631653]","[0.0, 0.0, 0.0]","[0.8907196521759033, -0.033085212111473083, 0.3934643864631653]",0.0,False,False
4,87,True,0.6827961206436157,0.0,2.6842105388641357,22.0,"[[0.9205118417739868, 0.001463487627916038, 0.4121437668800354], [0.8907196521759033, -0.033085212111473083, 0.3934643864631653]]","[0.8278855085372925, 0.010742341168224812, 0.22940772771835327]","[0.0, 0.0, 0.0]","[0.8278855085372925, 0.010742341168224812, 0.22940772771835327]",0.0,False,False
4,88,True,0.47024381160736084,0.0,2.763157844543457,22.0,"[[0.8907196521759033, -0.033085212111473083, 0.3934643864631653], [0.8278855085372925, 0.010742341168224812, 0.22940772771835327]]","[0.6235542893409729, -0.03412291035056114, 0.5090734958648682]","[0.0, 0.0, 0.0]","[0.6235542893409729, -0.03412291035056114, 0.5090734958648682]",0.0,False,False
4,89,True,0.3761330246925354,0.0,2.8157894611358643,22.0,"[[0.8278855085372925, 0.010742341168224812, 0.22940772771835327], [0.6235542893409729, -0.03412291035056114, 0.5090734958648682]]","[0.5540458559989929, -0.060046225786209106, 0.5764634609222412]","[0.0, 0.0, 0.0]","[0.5540458559989929, -0.060046225786209106, 0.5764634609222412]",0.0,False,False
4,90,True,0.5679512023925781,0.0,2.763157844543457,20.0,"[[0.6235542893409729, -0.03412291035056114, 0.5090734958648682], [0.5540458559989929, -0.060046225786209106, 0.5764634609222412]]","[0.38117164373397827, -0.036433298140764236, 0.6195482015609741]","[0.0, 0.0, 0.0]","[0.38117164373397827, -0.036433298140764236, 0.6195482015609741]",0.0,False,False
4,91,True,0.4468739926815033,0.0,2.4473683834075928,14.0,"[[0.5540458559989929, -0.060046225786209106, 0.5764634609222412], [0.38117164373397827, -0.036433298140764236, 0.6195482015609741]]","[0.1574108749628067, 0.052614569664001465, 0.3592541813850403]","[0.0, 0.0, 0.0]","[0.1574108749628067, 0.052614569664001465, 0.3592541813850403]",0.0,False,False
4,92,True,0.41581258177757263,0.0,2.4078948497772217,12.0,"[[0.38117164373397827, -0.036433298140764236, 0.6195482015609741], [0.1574108749628067, 0.052614569664001465, 0.3592541813850403]]","[0.5063234567642212, 0.03673544153571129, 0.06406378000974655]","[0.0, 0.0, 0.0]","[0.5063234567642212, 0.03673544153571129, 0.06406378000974655]",0.0,False,False
4,93,True,0.28912225365638733,0.0,2.0921053886413574,10.0,"[[0.1574108749628067, 0.052614569664001465, 0.3592541813850403], [0.5063234567642212, 0.03673544153571129, 0.06406378000974655]]","[0.404992938041687, -0.36288824677467346, -0.20349447429180145]","[0.0, 0.0, 0.0]","[0.404992938041687, -0.36288824677467346, -0.20349447429180145]",0.0,False,False
4,94,True,0.29995664954185486,0.0,1.8026316165924072,9.0,"[[0.5063234567642212, 0.03673544153571129, 0.06406378000974655], [0.404992938041687, -0.36288824677467346, -0.20349447429180145]]","[0.39062371850013733, -0.08252248913049698, 0.18112307786941528]","[0.0, 0.0, 0.0]","[0.39062371850013733, -0.08252248913049698, 0.18112307786941528]",0.0,False,False
4,95,True,0.20813043415546417,0.0,1.6973683834075928,9.0,"[[0.404992938041687, -0.36288824677467346, -0.20349447429180145], [0.39062371850013733, -0.08252248913049698, 0.18112307786941528]]","[0.6179525852203369, 0.06807473301887512, -0.09857352823019028]","[0.0, 0.0, 0.0]","[0.6179525852203369, 0.06807473301887512, -0.09857352823019028]",0.0,True,False
5,0,True,0.008536419831216335,0.0,1.6315789222717285,9.0,"[[0.0, 0.0, 0.0], [0.0, 0.0, 0.0]]","[0.6047013998031616, -0.028600430116057396, -0.26308584213256836]","[0.0, 0.0, 0.0]","[0.6047013998031616, -0.028600430116057396, -0.26308584213256836]",0.0,False,False
5,1,True,0.00815668236464262,0.0,1.6315789222717285,9.0,"[[0.0, 0.0, 0.0], [0.6047013998031616, -0.028600430116057396, -0.26308584213256836]]","[0.9405203461647034, 0.06757726520299911, -0.28458088636398315]","[0.0, 0.0, 0.0]","[0.9405203461647034, 0.06757726520299911, -0.28458088636398315]",0.0,False,False
5,2,True,0.008213373832404613,0.0,1.6315789222717285,9.0,"[[0.6047013998031616, -0.028600430116057396, -0.26308584213256836], [0.9405203461647034, 0.06757726520299911, -0.28458088636398315]]","[0.9993404150009155, 0.08860976994037628, -0.28220635652542114]","[0.0, 0.0, 0.0]","[0.9993404150009155, 0.08860976994037628, -0.28220635652542114]",0.0,False,False
5,3,True,0.44704732298851013,0.0,1.6315789222717285,9.0,"[[0.9405203461647034, 0.06757726520299911, -0.28458088636398315], [0.9993404150009155, 0.08860976994037628, -0.28220635652542114]]","[0.9998543858528137, 0.04324880242347717, -0.24411281943321228]","[0.0, 0.0, 0.0]","[0.9998543858528137, 0.04324880242347717, -0.24411281943321228]",0.0,False,False
5,4,True,1.0828474760055542,0.0,1.9078947305679321,14.0,"[[0.9993404150009155, 0.08860976994037628, -0.28220635652542114], [0.9998543858528137, 0.04324880242347717, -0.24411281943321228]]","[0.9998712539672852, -0.31758636236190796, -0.3951607048511505]","[0.0, 0.0, 0.0]","[0.9998712539672852, -0.31758636236190796, -0.3951607048511505]",0.0,False,False
5,5,True,2.0338640213012695,0.0,2.1184210777282715,14.0,"[[0.9998543858528137, 0.04324880242347717, -0.24411281943321228], [0.9998712539672852, -0.31758636236190796, -0.3951607048511505]]","[0.712290346622467, -0.043540842831134796, -0.43884944915771484]","[0.0, 0.0, 0.0]","[0.712290346622467, -0.043540842831134796, -0.43884944915771484]",0.0,False,False
5,6,True,2.8158185482025146,0.0,2.6842105388641357,18.0,"[[0.9998712539672852, -0.31758636236190796, -0.3951607048511505], [0.712290346622467, -0.043540842831134796, -0.43884944915771484]]","[0.822021484375, -0.13792650401592255, 0.11660804599523544]","[0.0, 0.0, 0.0]","[0.822021484375, -0.13792650401592255, 0.11660804599523544]",0.0,False,False
5,7,True,3.5838944911956787,0.0,3.1052632331848145,24.0,"[[0.712290346622467, -0.043540842831134796, -0.43884944915771484], [0.822021484375, -0.13792650401592255, 0.11660804599523544]]","[0.9876428246498108, -0.03754614293575287, -0.07853448390960693]","[0.0, 0.0, 0.0]","[0.9876428246498108, -0.03754614293575287, -0.07853448390960693]",0.009999999776482582,False,False
5,8,True,4.354770183563232,0.0,3.223684310913086,24.0,"[[0.822021484375, -0.13792650401592255, 0.11660804599523544], [0.9876428246498108, -0.03754614293575287, -0.07853448390960693]]","[0.9465229511260986, -0.10387778282165527, 0.0299599040299654]","[0.0, 0.0, 0.0]","[0.9465229511260986, -0.10387778282165527, 0.0299599040299654]",0.019999999552965164,False,False
5,9,True,5.13974666595459,0.0,3.8289473056793213,25.0,"[[0.9876428246498108, -0.03754614293575287, -0.07853448390960693], [0.9465229511260986, -0.10387778282165527, 0.0299599040299654]]","[0.9978098273277283, 0.1269349902868271, -0.1004038006067276]","[0.0, 0.0, 0.0]","[0.9978098273277283, 0.1269349902868271, -0.1004038006067276]",0.029999999329447746,False,False
5,10,True,5.926342487335205,0.0,3.9342105388641357,25.0,"[[0.9465229511260986, -0.10387778282165527, 0.0299599040299654], [0.9978098273277283, 0.1269349902868271, -0.1004038006067276]]","[0.8731794953346252, 0.04711982235312462, -0.1371758133172989]","[0.0, 0.0, 0.0]","[0.8731794953346252, 0.04711982235312462, -0.1371758133172989]",0.029999999329447746,False,False
5,11,True,6.71552848815918,0.0,4.1315789222717285,25.0,"[[0.9978098273277283, 0.1269349902868271, -0.1004038006067276], [0.8731794953346252, 0.04711982235312462, -0.1371758133172989]]","[0.9950039982795715, -0.1783941239118576, -0.3232254385948181]","[0.0, 0.0, 0.0]","[0.9950039982795715, -0.1783941239118576, -0.3232254385948181]",0.03999999910593033,False,False
5,12,True,7.507333755493164,0.0,4.3947367668151855,25.0,"[[0.8731794953346252, 0.04711982235312462, -0.1371758133172989], [0.9950039982795715, -0.1783941239118576, -0.3232254385948181]]","[0.9999604225158691, 0.12168586999177933, -0.4736952483654022]","[0.0, 0.0, 0.0]","[0.9999604225158691, 0.12168586999177933, -0.4736952483654022]",0.03999999910593033,False,False
5,13,True,8.297845840454102,0.0,4.1052632331848145,22.0,"[[0.9950039982795715, -0.1783941239118576, -0.3232254385948181], [0.9999604225158691, 0.12168586999177933, -0.4736952483654022]]","[0.9469677209854126, -0.2583411633968353, -0.10798250138759613]","[0.0, 0.0, 0.0]","[0.9469677209854126, -0.2583411633968353, -0.10798250138759613]",0.03999999910593033,False,False
5,14,True,9.078557968139648,0.0,3.9342105388641357,24.0,"[[0.9999604225158691, 0.12168586999177933, -0.4736952483654022], [0.9469677209854126, -0.2583411633968353, -0.10798250138759613]]","[0.9999992251396179, 0.1275724470615387, -0.24711225926876068]","[0.0, 0.0, 0.0]","[0.9999992251396179, 0.1275724470615387, -0.24711225926876068]",0.05000000074505806,False,False
5,15,True,9.85947322845459,0.0,3.776315927505493,24.0,"[[0.9469677209854126, -0.2583411633968353, -0.10798250138759613], [0.9999992251396179, 0.1275724470615387, -0.24711225926876068]]","[0.998970627784729, -0.07921533286571503, 0.1635434329509735]","[0.0, 0.0, 0.0]","[0.998970627784729, -0.07921533286571503, 0.1635434329509735]",0.05000000074505806,False,False
5,16,True,10.647689819335938,0.0,3.3026316165924072,24.0,"[[0.9999992251396179, 0.1275724470615387, -0.24711225926876068], [0.998970627784729, -0.07921533286571503, 0.1635434329509735]]","[0.9661974906921387, -0.08620955049991608, -0.03170008957386017]","[0.0, 0.0, 0.0]","[0.9661974906921387, -0.08620955049991608, -0.03170008957386017]",0.03999999910593033,False,False
5,17,True,11.276968955993652,0.0,3.21052622795105,24.0,"[[0.998970627784729, -0.07921533286571503, 0.1635434329509735], [0.9661974906921387, -0.08620955049991608, -0.03170008957386017]]","[0.9655457139015198, 0.3686295747756958, -0.08402393013238907]","[0.0, 0.0, 0.0]","[0.9655457139015198, 0.3686295747756958, -0.08402393013238907]",0.07000000029802322,False,False
5,18,True,12.222099304199219,0.0,3.0526316165924072,21.0,"[[0.9661974906921387, -0.08620955049991608, -0.03170008957386017], [0.9655457139015198, 0.3686295747756958, -0.08402393013238907]]","[0.9994398355484009, 0.11187870055437088, -0.020363833755254745]","[0.0, 0.0, 0.0]","[0.9994398355484009, 0.11187870055437088, -0.020363833755254745]",0.05000000074505806,False,False
5,19,True,12.852632522583008,0.0,3.03947377204895,21.0,"[[0.9655457139015198, 0.3686295747756958, -0.08402393013238907], [0.9994398355484009, 0.11187870055437088, -0.020363833755254745]]","[0.9532436728477478, 0.0569344088435173, 0.05334809795022011]","[0.0, 0.0, 0.0]","[0.9532436728477478, 0.0569344088435173, 0.05334809795022011]",0.07999999821186066,False,False
5,20,True,13.799870491027832,0.0,3.1710526943206787,21.0,"[[0.9994398355484009, 0.11187870055437088, -0.020363833755254745], [0.9532436728477478, 0.0569344088435173, 0.05334809795022011]]","[0.9477071166038513, -0.08879212290048599, -0.06981118023395538]","[0.0, 0.0, 0.0]","[0.9477071166038513, -0.08879212290048599, -0.06981118023395538]",0.05999999865889549,False,False
5,21,True,14.432592391967773,0.0,3.25,24.0,"[[0.9532436728477478, 0.0569344088435173, 0.05334809795022011], [0.9477071166038513, -0.08879212290048599, -0.06981118023395538]]","[0.9999985694885254, 0.12064091116189957, -0.25381994247436523]","[0.0, 0.0, 0.0]","[0.9999985694885254, 0.12064091116189957, -0.25381994247436523]",0.07999999821186066,False,False
5,22,True,15.383244514465332,0.0,3.3815789222717285,24.0,"[[0.9477071166038513, -0.08879212290048599, -0.06981118023395538], [0.9999985694885254, 0.12064091116189957, -0.25381994247436523]]","[0.9915632009506226, -0.1408279985189438, -0.08144873380661011]","[0.0, 0.0, 0.0]","[0.9915632009506226, -0.1408279985189438, -0.08144873380661011]",0.07000000029802322,False,False
5,23,True,16.01692008972168,0.0,3.1315789222717285,24.0,"[[0.9999985694885254, 0.12064091116189957, -0.25381994247436523], [0.9915632009506226, -0.1408279985189438, -0.08144873380661011]]","[0.9752814769744873, -0.15815389156341553, 0.07872579246759415]","[0.0, 0.0, 0.0]","[0.9752814769744873, -0.15815389156341553, 0.07872579246759415]",0.09000000357627869,False,False
5,24,True,16.966703414916992,0.0,3.3815789222717285,24.0,"[[0.9915632009506226, -0.1408279985189438, -0.08144873380661011], [0.9752814769744873, -0.15815389156341553, 0.07872579246759415]]","[0.965340793132782, 0.1612917184829712, 0.33708733320236206]","[0.0, 0.0, 0.0]","[0.965340793132782, 0.1612917184829712, 0.33708733320236206]",0.09000000357627869,False,False
5,25,True,17.758092880249023,0.0,3.3421053886413574,21.0,"[[0.9752814769744873, -0.15815389156341553, 0.07872579246759415], [0.965340793132782, 0.1612917184829712, 0.33708733320236206]]","[0.9802197217941284, 0.1558840125799179, -0.03598034009337425]","[0.0, 0.0, 0.0]","[0.9802197217941284, 0.1558840125799179, -0.03598034009337425]",0.09000000357627869,False,False
5,26,True,18.546674728393555,0.0,3.4342105388641357,21.0,"[[0.965340793132782, 0.1612917184829712, 0.33708733320236206], [0.9802197217941284, 0.1558840125799179, -0.03598034009337425]]","[0.9272462129592896, 0.07339122891426086, -0.027430079877376556]","[0.0, 0.0, 0.0]","[0.9272462129592896, 0.07339122891426086, -0.027430079877376556]",0.10000000149011612,False,False
5,27,True,19.333932876586914,0.0,3.6842105388641357,21.0,"[[0.9802197217941284, 0.1558840125799179, -0.03598034009337425], [0.9272462129592896, 0.07339122891426086, -0.027430079877376556]]","[0.9445312023162842, -0.16213208436965942, -0.1246890127658844]","[0.0, 0.0, 0.0]","[0.9445312023162842, -0.16213208436965942, -0.1246890127658844]",0.09000000357627869,False,False
5,28,True,20.122587203979492,0.0,3.8157894611358643,24.0,"[[0.9272462129592896, 0.07339122891426086, -0.027430079877376556], [0.9445312023162842, -0.16213208436965942, -0.1246890127658844]]","[0.9999657273292542, 0.11002911627292633, -0.20247499644756317]","[0.0, 0.0, 0.0]","[0.9999657273292542, 0.11002911627292633, -0.20247499644756317]",0.10000000149011612,False,False
5,29,True,20.911325454711914,0.0,4.0,24.0,"[[0.9445312023162842, -0.16213208436965942, -0.1246890127658844], [0.9999657273292542, 0.11002911627292633, -0.20247499644756317]]","[0.9968334436416626, -0.03626987710595131, 0.037681952118873596]","[0.0, 0.0, 0.0]","[0.9968334436416626, -0.03626987710595131, 0.037681952118873596]",0.10999999940395355,False,False
5,30,True,21.70026397705078,0.0,3.8157894611358643,24.0,"[[0.9999657273292542, 0.11002911627292633, -0.20247499644756317], [0.9968334436416626, -0.03626987710595131, 0.037681952118873596]]","[0.9222802519798279, 0.039097025990486145, 0.3484851121902466]","[0.0, 0.0, 0.0]","[0.9222802519798279, 0.039097025990486145, 0.3484851121902466]",0.10999999940395355,False,False
5,31,True,22.48973846435547,0.0,4.0789475440979,24.0,"[[0.9968334436416626, -0.03626987710595131, 0.037681952118873596], [0.9222802519798279, 0.039097025990486145, 0.3484851121902466]]","[0.921119749546051, 0.1689068078994751, -0.11144205927848816]","[0.0, 0.0, 0.0]","[0.921119749546051, 0.1689068078994751, -0.11144205927848816]",0.10999999940395355,False,False
5,32,True,23.278818130493164,0.0,4.013157844543457,22.0,"[[0.9222802519798279, 0.039097025990486145, 0.3484851121902466], [0.921119749546051, 0.1689068078994751, -0.11144205927848816]]","[0.9986751079559326, 0.07533875107765198, -0.2051386535167694]","[0.0, 0.0, 0.0]","[0.9986751079559326, 0.07533875107765198, -0.2051386535167694]",0.10000000149011612,False,False
5,33,True,23.90970802307129,0.0,4.092105388641357,22.0,"[[0.921119749546051, 0.1689068078994751, -0.11144205927848816], [0.9986751079559326, 0.07533875107765198, -0.2051386535167694]]","[0.9327871799468994, 0.08677202463150024, 0.11290811747312546]","[0.0, 0.0, 0.0]","[0.9327871799468994, 0.08677202463150024, 0.11290811747312546]",0.14000000059604645,False,False
5,34,True,24.858318328857422,0.0,4.315789699554443,22.0,"[[0.9986751079559326, 0.07533875107765198, -0.2051386535167694], [0.9327871799468994, 0.08677202463150024, 0.11290811747312546]]","[0.9467980861663818, -0.2749311923980713, -0.008386966772377491]","[0.0, 0.0, 0.0]","[0.9467980861663818, -0.2749311923980713, -0.008386966772377491]",0.10000000149011612,False,False
5,35,True,25.490392684936523,0.0,3.9342105388641357,22.0,"[[0.9327871799468994, 0.08677202463150024, 0.11290811747312546], [0.9467980861663818, -0.2749311923980713, -0.008386966772377491]]","[0.9995917081832886, -0.01551311369985342, 0.03155075013637543]","[0.0, 0.0, 0.0]","[0.9995917081832886, -0.01551311369985342, 0.03155075013637543]",0.1599999964237213,False,False
5,36,True,26.438615798950195,0.0,4.1052632331848145,26.0,"[[0.9467980861663818, -0.2749311923980713, -0.008386966772377491], [0.9995917081832886, -0.01551311369985342, 0.03155075013637543]]","[0.959070086479187, -0.06995564699172974, -0.04439336434006691]","[0.0, 0.0, 0.0]","[0.959070086479187, -0.06995564699172974, -0.04439336434006691]",0.10000000149011612,False,False
5,37,True,27.0704345703125,0.0,3.6973683834075928,26.0,"[[0.9995917081832886, -0.01551311369985342, 0.03155075013637543], [0.959070086479187, -0.06995564699172974, -0.04439336434006691]]","[0.9932168126106262, -0.12798306345939636, 0.0820457860827446]","[0.0, 0.0, 0.0]","[0.9932168126106262, -0.12798306345939636, 0.0820457860827446]",0.17000000178813934,False,False
5,38,True,28.01784896850586,0.0,3.46052622795105,26.0,"[[0.959070086479187, -0.06995564699172974, -0.04439336434006691], [0.9932168126106262, -0.12798306345939636, 0.0820457860827446]]","[0.9302867650985718, 0.42450574040412903, -0.42492783069610596]","[0.0, 0.0, 0.0]","[0.9302867650985718, 0.42450574040412903, -0.42492783069610596]",0.10999999940395355,False,False
5,39,True,28.2794132232666,0.0,3.1578948497772217,26.0,"[[0.9932168126106262, -0.12798306345939636, 0.0820457860827446], [0.9302867650985718, 0.42450574040412903, -0.42492783069610596]]","[0.8973139524459839, 0.04614560306072235, 0.3565007150173187]","[0.0, 0.0, 0.0]","[0.8973139524459839, 0.04614560306072235, 0.3565007150173187]",0.17000000178813934,False,False
5,40,True,28.264724731445312,0.0,2.3947367668151855,11.0,"[[0.9302867650985718, 0.42450574040412903, -0.42492783069610596], [0.8973139524459839, 0.04614560306072235, 0.3565007150173187]]","[0.7756514549255371, 0.3034410774707794, 0.0895092710852623]","[0.0, 0.0, 0.0]","[0.7756514549255371, 0.3034410774707794, 0.0895092710852623]",0.10999999940395355,False,False
5,41,True,28.255176544189453,0.0,2.1315789222717285,11.0,"[[0.8973139524459839, 0.04614560306072235, 0.3565007150173187], [0.7756514549255371, 0.3034410774707794, 0.0895092710852623]]","[0.8032481670379639, -0.1361306756734848, -0.02093074657022953]","[0.0, 0.0, 0.0]","[0.8032481670379639, -0.1361306756734848, -0.02093074657022953]",0.17000000178813934,False,False
5,42,True,28.24801254272461,0.0,1.736842155456543,9.0,"[[0.7756514549255371, 0.3034410774707794, 0.0895092710852623], [0.8032481670379639, -0.1361306756734848, -0.02093074657022953]]","[0.911594569683075, 0.09951961785554886, 0.07802402973175049]","[0.0, 0.0, 0.0]","[0.911594569683075, 0.09951961785554886, 0.07802402973175049]",0.10999999940395355,False,False
5,43,True,28.24696922302246,0.0,1.7236841917037964,9.0,"[[0.8032481670379639, -0.1361306756734848, -0.02093074657022953], [0.911594569683075, 0.09951961785554886, 0.07802402973175049]]","[0.8139104843139648, -0.11183786392211914, 0.13404306769371033]","[0.0, 0.0, 0.0]","[0.8139104843139648, -0.11183786392211914, 0.13404306769371033]",0.17000000178813934,False,False
5,44,True,28.24833106994629,0.0,1.6973683834075928,9.0,"[[0.911594569683075, 0.09951961785554886, 0.07802402973175049], [0.8139104843139648, -0.11183786392211914, 0.13404306769371033]]","[0.8428443074226379, -0.23998484015464783, 0.272020161151886]","[0.0, 0.0, 0.0]","[0.8428443074226379, -0.23998484015464783, 0.272020161151886]",0.11999999731779099,False,False
5,45,True,28.580759048461914,0.0,1.736842155456543,9.0,"[[0.8139104843139648, -0.11183786392211914, 0.13404306769371033], [0.8428443074226379, -0.23998484015464783, 0.272020161151886]]","[0.8203467726707458, 0.2915682792663574, -0.006427922286093235]","[0.0, 0.0, 0.0]","[0.8203467726707458, 0.2915682792663574, -0.006427922286093235]",0.17000000178813934,False,False
5,46,True,29.24382972717285,0.0,2.03947377204895,23.0,"[[0.8428443074226379, -0.23998484015464783, 0.272020161151886], [0.8203467726707458, 0.2915682792663574, -0.006427922286093235]]","[0.9402050971984863, -0.2141789048910141, 0.05155013129115105]","[0.0, 0.0, 0.0]","[0.9402050971984863, -0.2141789048910141, 0.05155013129115105]",0.11999999731779099,False,False
5,47,True,29.683826446533203,0.0,2.0921053886413574,23.0,"[[0.8203467726707458, 0.2915682792663574, -0.006427922286093235], [0.9402050971984863, -0.2141789048910141, 0.05155013129115105]]","[0.9857730865478516, -0.1878708153963089, -0.09787517786026001]","[0.0, 0.0, 0.0]","[0.9857730865478516, -0.1878708153963089, -0.09787517786026001]",0.18000000715255737,False,False
5,48,True,30.339845657348633,0.0,2.0657894611358643,23.0,"[[0.9402050971984863, -0.2141789048910141, 0.05155013129115105], [0.9857730865478516, -0.1878708153963089, -0.09787517786026001]]","[0.9405859112739563, 0.050913143903017044, 0.12177662551403046]","[0.0, 0.0, 0.0]","[0.9405859112739563, 0.050913143903017044, 0.12177662551403046]",0.11999999731779099,False,False
5,49,True,30.774171829223633,0.0,1.736842155456543,23.0,"[[0.9857730865478516, -0.1878708153963089, -0.09787517786026001], [0.9405859112739563, 0.050913143903017044, 0.12177662551403046]]","[0.9274426102638245, 0.16645115613937378, 0.1383575052022934]","[0.0, 0.0, 0.0]","[0.9274426102638245, 0.16645115613937378, 0.1383575052022934]",0.18000000715255737,False,False
5,50,True,31.423734664916992,0.0,1.5526316165924072,24.0,"[[0.9405859112739563, 0.050913143903017044, 0.12177662551403046], [0.9274426102638245, 0.16645115613937378, 0.1383575052022934]]","[0.9927955269813538, -0.41228294372558594, 0.25890201330184937]","[0.0, 0.0, 0.0]","[0.9927955269813538, -0.41228294372558594, 0.25890201330184937]",0.12999999523162842,False,False
5,51,True,31.856830596923828,0.0,1.6710526943206787,24.0,"[[0.9274426102638245, 0.16645115613937378, 0.1383575052022934], [0.9927955269813538, -0.41228294372558594, 0.25890201330184937]]","[0.965850293636322, 0.40401342511177063, -0.06084451824426651]","[0.0, 0.0, 0.0]","[0.965850293636322, 0.40401342511177063, -0.06084451824426651]",0.1899999976158142,False,False
5,52,True,32.50767135620117,0.0,1.4605263471603394,24.0,"[[0.9927955269813538, -0.41228294372558594, 0.25890201330184937], [0.965850293636322, 0.40401342511177063, -0.06084451824426651]]","[0.9244075417518616, 0.30371132493019104, -0.33635786175727844]","[0.0, 0.0, 0.0]","[0.9244075417518616, 0.30371132493019104, -0.33635786175727844]",0.1599999964237213,False,False
5,53,True,33.05257797241211,0.0,1.894736886024475,24.0,"[[0.965850293636322, 0.40401342511177063, -0.06084451824426651], [0.9244075417518616, 0.30371132493019104, -0.33635786175727844]]","[0.9984428286552429, 0.10167916864156723, 0.022429190576076508]","[0.0, 0.0, 0.0]","[0.9984428286552429, 0.10167916864156723, 0.022429190576076508]",0.17000000178813934,False,False
5,54,True,33.59906005859375,0.0,1.7105263471603394,24.0,"[[0.9244075417518616, 0.30371132493019104, -0.33635786175727844], [0.9984428286552429, 0.10167916864156723, 0.022429190576076508]]","[0.9895051717758179, 0.6251233816146851, 0.27403220534324646]","[0.0, 0.0, 0.0]","[0.9895051717758179, 0.6251233816146851, 0.27403220534324646]",0.17000000178813934,False,False
5,55,True,34.1461181640625,0.0,1.7236841917037964,24.0,"[[0.9984428286552429, 0.10167916864156723, 0.022429190576076508], [0.9895051717758179, 0.6251233816146851, 0.27403220534324646]]","[0.9504172801971436, -0.14323411881923676, -0.10648368299007416]","[0.0, 0.0, 0.0]","[0.9504172801971436, -0.14323411881923676, -0.10648368299007416]",0.17000000178813934,False,False
5,56,True,34.693790435791016,0.0,2.223684310913086,24.0,"[[0.9895051717758179, 0.6251233816146851, 0.27403220534324646], [0.9504172801971436, -0.14323411881923676, -0.10648368299007416]]","[0.9922828674316406, 0.09381216019392014, -0.0371798537671566]","[0.0, 0.0, 0.0]","[0.9922828674316406, 0.09381216019392014, -0.0371798537671566]",0.17000000178813934,False,False
5,57,True,35.24003982543945,0.0,1.894736886024475,24.0,"[[0.9504172801971436, -0.14323411881923676, -0.10648368299007416], [0.9922828674316406, 0.09381216019392014, -0.0371798537671566]]","[0.861681342124939, 0.022225243970751762, -0.16922974586486816]","[0.0, 0.0, 0.0]","[0.861681342124939, 0.022225243970751762, -0.16922974586486816]",0.18000000715255737,False,False
5,58,True,35.78546142578125,0.0,2.1052632331848145,24.0,"[[0.9922828674316406, 0.09381216019392014, -0.0371798537671566], [0.861681342124939, 0.022225243970751762, -0.16922974586486816]]","[0.9906487464904785, -0.20351818203926086, -0.03541877493262291]","[0.0, 0.0, 0.0]","[0.9906487464904785, -0.20351818203926086, -0.03541877493262291]",0.18000000715255737,False,False
5,59,True,36.32957077026367,0.0,1.7894736528396606,17.0,"[[0.861681342124939, 0.022225243970751762, -0.16922974586486816], [0.9906487464904785, -0.20351818203926086, -0.03541877493262291]]","[0.922150731086731, -0.06467393785715103, -0.07443200051784515]","[0.0, 0.0, 0.0]","[0.922150731086731, -0.06467393785715103, -0.07443200051784515]",0.15000000596046448,False,False
5,60,True,36.76445007324219,0.0,1.7105263471603394,24.0,"[[0.9906487464904785, -0.20351818203926086, -0.03541877493262291], [0.922150731086731, -0.06467393785715103, -0.07443200051784515]]","[0.9780592322349548, 0.08966720849275589, 0.059106577187776566]","[0.0, 0.0, 0.0]","[0.9780592322349548, 0.08966720849275589, 0.059106577187776566]",0.2199999988079071,False,False
5,61,True,37.41728591918945,0.0,2.1052632331848145,24.0,"[[0.922150731086731, -0.06467393785715103, -0.07443200051784515], [0.9780592322349548, 0.08966720849275589, 0.059106577187776566]]","[0.9921185970306396, 0.12552908062934875, -0.052023474127054214]","[0.0, 0.0, 0.0]","[0.9921185970306396, 0.12552908062934875, -0.052023474127054214]",0.1899999976158142,False,False
5,62,True,37.96228790283203,0.0,1.8684210777282715,24.0,"[[0.9780592322349548, 0.08966720849275589, 0.059106577187776566], [0.9921185970306396, 0.12552908062934875, -0.052023474127054214]]","[0.9016599059104919, -0.26567673683166504, -0.10051067918539047]","[0.0, 0.0, 0.0]","[0.9016599059104919, -0.26567673683166504, -0.10051067918539047]",0.1899999976158142,False,False
5,63,True,38.508323669433594,0.0,2.1052632331848145,24.0,"[[0.9921185970306396, 0.12552908062934875, -0.052023474127054214], [0.9016599059104919, -0.26567673683166504, -0.10051067918539047]]","[0.9991974830627441, 0.10099299252033234, -0.02713087387382984]","[0.0, 0.0, 0.0]","[0.9991974830627441, 0.10099299252033234, -0.02713087387382984]",0.1899999976158142,False,False
5,64,True,39.05510711669922,0.0,1.7236841917037964,17.0,"[[0.9016599059104919, -0.26567673683166504, -0.10051067918539047], [0.9991974830627441, 0.10099299252033234, -0.02713087387382984]]","[0.9610820412635803, -0.022679384797811508, 0.10022199898958206]","[0.0, 0.0, 0.0]","[0.9610820412635803, -0.022679384797811508, 0.10022199898958206]",0.20000000298023224,False,False
5,65,True,39.60209655761719,0.0,1.5789474248886108,24.0,"[[0.9991974830627441, 0.10099299252033234, -0.02713087387382984], [0.9610820412635803, -0.022679384797811508, 0.10022199898958206]]","[0.9995492100715637, 0.5471192598342896, 0.14446352422237396]","[0.0, 0.0, 0.0]","[0.9995492100715637, 0.5471192598342896, 0.14446352422237396]",0.20000000298023224,False,False
5,66,True,40.14876937866211,0.0,1.9078947305679321,24.0,"[[0.9610820412635803, -0.022679384797811508, 0.10022199898958206], [0.9995492100715637, 0.5471192598342896, 0.14446352422237396]]","[0.9989760518074036, 0.22300657629966736, 0.014887961558997631]","[0.0, 0.0, 0.0]","[0.9989760518074036, 0.22300657629966736, 0.014887961558997631]",0.20000000298023224,False,False
5,67,True,40.69476318359375,0.0,1.605263113975525,24.0,"[[0.9995492100715637, 0.5471192598342896, 0.14446352422237396], [0.9989760518074036, 0.22300657629966736, 0.014887961558997631]]","[0.9494065046310425, 0.06946612894535065, -0.05609894171357155]","[0.0, 0.0, 0.0]","[0.9494065046310425, 0.06946612894535065, -0.05609894171357155]",0.20000000298023224,False,False
5,68,True,41.24009323120117,0.0,1.8421052694320679,24.0,"[[0.9989760518074036, 0.22300657629966736, 0.014887961558997631], [0.9494065046310425, 0.06946612894535065, -0.05609894171357155]]","[0.999186098575592, 0.19427210092544556, 0.017779383808374405]","[0.0, 0.0, 0.0]","[0.999186098575592, 0.19427210092544556, 0.017779383808374405]",0.23000000417232513,False,False
5,69,True,41.7850227355957,0.0,1.486842155456543,17.0,"[[0.9494065046310425, 0.06946612894535065, -0.05609894171357155], [0.999186098575592, 0.19427210092544556, 0.017779383808374405]]","[0.9690899848937988, -0.10347453504800797, 0.16501760482788086]","[0.0, 0.0, 0.0]","[0.9690899848937988, -0.10347453504800797, 0.16501760482788086]",0.27000001072883606,False,False
5,70,True,42.329898834228516,0.0,1.3684210777282715,24.0,"[[0.999186098575592, 0.19427210092544556, 0.017779383808374405], [0.9690899848937988, -0.10347453504800797, 0.16501760482788086]]","[0.9639539122581482, -0.20961259305477142, 0.07698235660791397]","[0.0, 0.0, 0.0]","[0.9639539122581482, -0.20961259305477142, 0.07698235660791397]",0.25999999046325684,False,False
5,71,True,42.874942779541016,0.0,1.7236841917037964,24.0,"[[0.9690899848937988, -0.10347453504800797, 0.16501760482788086], [0.9639539122581482, -0.20961259305477142, 0.07698235660791397]]","[0.9688556790351868, -0.03808644786477089, 0.010832280851900578]","[0.0, 0.0, 0.0]","[0.9688556790351868, -0.03808644786477089, 0.010832280851900578]",0.25999999046325684,False,False
5,72,True,43.420440673828125,0.0,1.4473683834075928,24.0,"[[0.9639539122581482, -0.20961259305477142, 0.07698235660791397], [0.9688556790351868, -0.03808644786477089, 0.010832280851900578]]","[0.9076061844825745, -0.20604030787944794, 0.14935775101184845]","[0.0, 0.0, 0.0]","[0.9076061844825745, -0.20604030787944794, 0.14935775101184845]",0.25999999046325684,False,False
5,73,True,43.96641159057617,0.0,1.6842105388641357,24.0,"[[0.9688556790351868, -0.03808644786477089, 0.010832280851900578], [0.9076061844825745, -0.20604030787944794, 0.14935775101184845]]","[0.9782798886299133, -0.08320609480142593, 0.07932885736227036]","[0.0, 0.0, 0.0]","[0.9782798886299133, -0.08320609480142593, 0.07932885736227036]",0.23999999463558197,False,False
5,74,True,44.51258087158203,0.0,1.355263113975525,17.0,"[[0.9076061844825745, -0.20604030787944794, 0.14935775101184845], [0.9782798886299133, -0.08320609480142593, 0.07932885736227036]]","[0.8976707458496094, -0.10209118574857712, 0.047431450337171555]","[0.0, 0.0, 0.0]","[0.8976707458496094, -0.10209118574857712, 0.047431450337171555]",0.2199999988079071,False,False
5,75,True,45.00374221801758,0.0,0.9473684430122375,9.0,"[[0.9782798886299133, -0.08320609480142593, 0.07932885736227036], [0.8976707458496094, -0.10209118574857712, 0.047431450337171555]]","[0.955123245716095, -0.09496622532606125, 0.48485496640205383]","[0.0, 0.0, 0.0]","[0.955123245716095, -0.09496622532606125, 0.48485496640205383]",0.15000000596046448,False,False
5,76,True,45.00066375732422,0.0,1.2763158082962036,24.0,"[[0.8976707458496094, -0.10209118574857712, 0.047431450337171555], [0.955123245716095, -0.09496622532606125, 0.48485496640205383]]","[0.9338665008544922, -0.2898649573326111, -0.02585657872259617]","[0.0, 0.0, 0.0]","[0.9338665008544922, -0.2898649573326111, -0.02585657872259617]",0.1899999976158142,False,False
5,77,True,44.996116638183594,0.0,1.0789474248886108,24.0,"[[0.955123245716095, -0.09496622532606125, 0.48485496640205383], [0.9338665008544922, -0.2898649573326111, -0.02585657872259617]]","[0.9585888981819153, -0.04404948279261589, -0.00021424144506454468]","[0.0, 0.0, 0.0]","[0.9585888981819153, -0.04404948279261589, -0.00021424144506454468]",0.14000000059604645,False,False
5,78,True,44.99271774291992,0.0,1.1710526943206787,24.0,"[[0.9338665008544922, -0.2898649573326111, -0.02585657872259617], [0.9585888981819153, -0.04404948279261589, -0.00021424144506454468]]","[0.9565129280090332, -0.45164263248443604, 0.12546582520008087]","[0.0, 0.0, 0.0]","[0.9565129280090332, -0.45164263248443604, 0.12546582520008087]",0.10000000149011612,False,False
5,79,True,45.21366882324219,0.0,1.3421052694320679,24.0,"[[0.9585888981819153, -0.04404948279261589, -0.00021424144506454468], [0.9565129280090332, -0.45164263248443604, 0.12546582520008087]]","[0.9521086812019348, -0.24338862299919128, -0.10419800132513046]","[0.0, 0.0, 0.0]","[0.9521086812019348, -0.24338862299919128, -0.10419800132513046]",0.10000000149011612,False,False
5,80,True,45.76533508300781,0.0,1.1578947305679321,9.0,"[[0.9565129280090332, -0.45164263248443604, 0.12546582520008087], [0.9521086812019348, -0.24338862299919128, -0.10419800132513046]]","[0.8008153438568115, -0.7444040775299072, 0.03493427485227585]","[0.0, 0.0, 0.0]","[0.8008153438568115, -0.7444040775299072, 0.03493427485227585]",0.05999999865889549,False,False
5,81,True,46.31541442871094,0.0,1.1710526943206787,9.0,"[[0.9521086812019348, -0.24338862299919128, -0.10419800132513046], [0.8008153438568115, -0.7444040775299072, 0.03493427485227585]]","[0.7985063195228577, -0.8223440051078796, 0.019715599715709686]","[0.0, 0.0, 0.0]","[0.7985063195228577, -0.8223440051078796, 0.019715599715709686]",0.05000000074505806,False,False
5,82,True,27.90155792236328,0.0,8.381579399108887,100.0,"[[0.8008153438568115, -0.7444040775299072, 0.03493427485227585], [0.7985063195228577, -0.8223440051078796, 0.019715599715709686]]","[0.9983174204826355, 0.3925616443157196, 0.9877889156341553]","[0.0, 0.0, 0.0]","[0.9983174204826355, 0.3925616443157196, 0.9877889156341553]",0.019999999552965164,False,False
5,83,True,9.309919357299805,0.0,8.039473533630371,100.0,"[[0.7985063195228577, -0.8223440051078796, 0.019715599715709686], [0.9983174204826355, 0.3925616443157196, 0.9877889156341553]]","[0.9838080406188965, -0.41860848665237427, 0.2696323096752167]","[0.0, 0.0, 0.0]","[0.9838080406188965, -0.41860848665237427, 0.2696323096752167]",0.009999999776482582,False,False
5,84,True,5.624459266662598,0.0,8.236842155456543,100.0,"[[0.9983174204826355, 0.3925616443157196, 0.9877889156341553], [0.9838080406188965, -0.41860848665237427, 0.2696323096752167]]","[0.9711907505989075, -0.4426358938217163, 0.7513549327850342]","[0.0, 0.0, 0.0]","[0.9711907505989075, -0.4426358938217163, 0.7513549327850342]",0.009999999776482582,False,False
5,85,True,2.0257372856140137,0.0,8.697368621826172,100.0,"[[0.9838080406188965, -0.41860848665237427, 0.2696323096752167], [0.9711907505989075, -0.4426358938217163, 0.7513549327850342]]","[0.9873799085617065, -0.34649938344955444, 0.6656232476234436]","[0.0, 0.0, 0.0]","[0.9873799085617065, -0.34649938344955444, 0.6656232476234436]",0.0,False,False
5,86,True,0.8504765033721924,0.0,1.7236841917037964,21.0,"[[0.9711907505989075, -0.4426358938217163, 0.7513549327850342], [0.9873799085617065, -0.34649938344955444, 0.6656232476234436]]","[0.8821590542793274, -0.0025215086061507463, 0.2644941806793213]","[0.0, 0.0, 0.0]","[0.8821590542793274, -0.0025215086061507463, 0.2644941806793213]",0.009999999776482582,False,False
5,87,True,0.5919899344444275,0.0,2.473684310913086,22.0,"[[0.9873799085617065, -0.34649938344955444, 0.6656232476234436], [0.8821590542793274, -0.0025215086061507463, 0.2644941806793213]]","[0.8254353404045105, 0.23281830549240112, 0.4275457561016083]","[0.0, 0.0, 0.0]","[0.8254353404045105, 0.23281830549240112, 0.4275457561016083]",0.0,False,False
5,88,True,0.4068026542663574,0.0,2.526315689086914,22.0,"[[0.8821590542793274, -0.0025215086061507463, 0.2644941806793213], [0.8254353404045105, 0.23281830549240112, 0.4275457561016083]]","[0.8190476894378662, 0.025417163968086243, 0.09925763309001923]","[0.0, 0.0, 0.0]","[0.8190476894378662, 0.025417163968086243, 0.09925763309001923]",0.0,False,False
5,89,True,0.38255318999290466,0.0,2.3157894611358643,22.0,"[[0.8254353404045105, 0.23281830549240112, 0.4275457561016083], [0.8190476894378662, 0.025417163968086243, 0.09925763309001923]]","[0.5994877815246582, 0.03853583708405495, 0.4724219739437103]","[0.0, 0.0, 0.0]","[0.5994877815246582, 0.03853583708405495, 0.4724219739437103]",0.0,False,False
5,90,True,0.4266330897808075,0.0,2.53947377204895,22.0,"[[0.8190476894378662, 0.025417163968086243, 0.09925763309001923], [0.5994877815246582, 0.03853583708405495, 0.4724219739437103]]","[0.4079309403896332, -0.22452300786972046, 0.6534724235534668]","[0.0, 0.0, 0.0]","[0.4079309403896332, -0.22452300786972046, 0.6534724235534668]",0.0,False,False
5,91,True,0.2555651068687439,0.0,2.3026316165924072,15.0,"[[0.5994877815246582, 0.03853583708405495, 0.4724219739437103], [0.4079309403896332, -0.22452300786972046, 0.6534724235534668]]","[0.3236706256866455, 0.0623006708920002, 0.4701346755027771]","[0.0, 0.0, 0.0]","[0.3236706256866455, 0.0623006708920002, 0.4701346755027771]",0.0,False,False
5,92,True,0.2261599749326706,0.0,2.223684310913086,13.0,"[[0.4079309403896332, -0.22452300786972046, 0.6534724235534668], [0.3236706256866455, 0.0623006708920002, 0.4701346755027771]]","[0.42745518684387207, -0.01253094244748354, 0.1611863523721695]","[0.0, 0.0, 0.0]","[0.42745518684387207, -0.01253094244748354, 0.1611863523721695]",0.0,False,False
5,93,True,0.12715883553028107,0.0,2.1052632331848145,11.0,"[[0.3236706256866455, 0.0623006708920002, 0.4701346755027771], [0.42745518684387207, -0.01253094244748354, 0.1611863523721695]]","[0.4039002060890198, -0.39452221989631653, -0.2128143161535263]","[0.0, 0.0, 0.0]","[0.4039002060890198, -0.39452221989631653, -0.2128143161535263]",0.0,False,False
5,94,True,0.08908402174711227,0.0,1.7631579637527466,9.0,"[[0.42745518684387207, -0.01253094244748354, 0.1611863523721695], [0.4039002060890198, -0.39452221989631653, -0.2128143161535263]]","[0.40729594230651855, -0.06796880066394806, 0.1532062143087387]","[0.0, 0.0, 0.0]","[0.40729594230651855, -0.06796880066394806, 0.1532062143087387]",0.0,False,False
5,95,True,0.022083774209022522,0.0,1.644736886024475,9.0,"[[0.4039002060890198, -0.39452221989631653, -0.2128143161535263], [0.40729594230651855, -0.06796880066394806, 0.1532062143087387]]","[0.613388180732727, 0.07255067676305771, -0.09548018127679825]","[0.0, 0.0, 0.0]","[0.613388180732727, 0.07255067676305771, -0.09548018127679825]",0.0,False,False
5,96,True,0.007439241278916597,0.0,1.5526316165924072,9.0,"[[0.40729594230651855, -0.06796880066394806, 0.1532062143087387], [0.613388180732727, 0.07255067676305771, -0.09548018127679825]]","[0.992413341999054, 0.11780179291963577, -0.3494088351726532]","[0.0, 0.0, 0.0]","[0.992413341999054, 0.11780179291963577, -0.3494088351726532]",0.0,False,False
5,97,True,0.0144992396235466,0.0,1.5921052694320679,9.0,"[[0.613388180732727, 0.07255067676305771, -0.09548018127679825], [0.992413341999054, 0.11780179291963577, -0.3494088351726532]]","[0.9997291564941406, 0.07122920453548431, -0.3162151873111725]","[0.0, 0.0, 0.0]","[0.9997291564941406, 0.07122920453548431, -0.3162151873111725]",0.0,True,False
